2024-12-11 22:07:55,0.18,0.31,91.61,23.33,0,No Fatigue,0.21,Not Yawning
2024-12-11 22:07:57,0.28,0.3,92.42,20.0,0,No Fatigue,0.19,Not Yawning
2024-12-11 22:08:09,0.24,0.3,91.59,20.0,0,No Fatigue,0.2,Not Yawning
2024-12-11 22:08:10,0.26,0.36,90.0,23.33,0,No Fatigue,0.18,Not Yawning
2024-12-11 22:08:11,0.25,0.25,89.18,23.33,0,No Fatigue,0.17,Not Yawning
2024-12-11 22:08:12,0.26,0.26,90.0,23.33,0,No Fatigue,0.16,Not Yawning
2024-12-11 22:08:14,0.25,0.28,90.82,23.33,0,No Fatigue,0.18,Not Yawning
2024-12-11 22:08:15,0.23,0.3,90.0,20.0,0,No Fatigue,0.2,Not Yawning
2024-12-11 22:08:41,N/A,0.0,N/A,N/A,N/A,No Face Detected,N/A,N/A
2024-12-11 22:08:42,N/A,0.0,N/A,N/A,N/A,No Face Detected,N/A,N/A
2024-12-11 22:09:05,0.18,0.25,101.06,20.0,0,No Fatigue,0.16,Not Yawning
2024-12-11 22:09:06,0.21,0.25,101.44,26.67,0,No Fatigue,0.15,Not Yawning
2024-12-11 22:09:09,N/A,0.0,N/A,N/A,N/A,No Face Detected,N/A,N/A
2024-12-11 22:09:10,0.19,0.24,103.05,40.0,0,No Fatigue,0.18,Not Yawning
2024-12-11 22:09:11,0.19,0.26,101.58,46.67,0,No Fatigue,0.18,Not Yawning
2024-12-11 22:09:12,N/A,0.0,N/A,N/A,N/A,No Face Detected,N/A,N/A
2024-12-11 22:09:13,0.16,0.29,103.71,56.67,0,No Fatigue,0.17,Not Yawning
2024-12-11 22:09:16,0.16,0.33,95.31,60.0,0,No Fatigue,0.13,Not Yawning
2024-12-11 22:09:17,0.32,0.37,95.06,66.67,0,No Fatigue,0.14,Not Yawning
2024-12-11 22:09:18,0.32,0.32,90.69,66.67,0,No Fatigue,0.14,Not Yawning
2024-12-11 22:09:19,0.17,0.33,94.76,70.0,0,No Fatigue,0.14,Not Yawning
2024-12-11 22:09:20,0.22,0.3,90.77,73.33,0,No Fatigue,0.19,Not Yawning
2024-12-11 22:09:22,0.2,0.37,98.81,73.33,0,No Fatigue,0.14,Not Yawning
2024-12-11 22:09:34,0.26,0.31,93.76,70.0,0,No Fatigue,0.16,Not Yawning
2024-12-11 22:09:35,0.27,0.29,87.68,63.33,0,No Fatigue,0.19,Not Yawning
2024-12-11 22:09:36,0.23,0.38,95.38,56.67,0,No Fatigue,0.15,Not Yawning
2024-12-11 22:09:37,0.24,0.41,86.5,56.67,0,No Fatigue,0.13,Not Yawning
2024-12-11 22:09:38,0.14,0.3,87.4,50.0,0,No Fatigue,0.17,Not Yawning
2024-12-11 22:09:40,0.31,0.38,90.88,43.33,0,No Fatigue,0.17,Not Yawning
2024-12-11 22:09:41,N/A,0.0,N/A,N/A,N/A,No Face Detected,N/A,N/A
2024-12-11 22:09:42,0.22,0.47,90.0,46.67,0,No Fatigue,0.17,Not Yawning
2024-12-11 22:09:43,0.14,0.33,95.62,50.0,0,No Fatigue,0.15,Not Yawning
2024-12-11 22:09:44,N/A,0.0,N/A,N/A,N/A,No Face Detected,N/A,N/A
2024-12-11 22:09:45,N/A,0.0,N/A,N/A,N/A,No Face Detected,N/A,N/A
2024-12-11 22:09:47,0.3,0.24,84.38,53.33,0,No Fatigue,0.19,Not Yawning
2024-12-11 22:09:48,0.18,0.26,91.04,50.0,0,No Fatigue,0.2,Not Yawning
2024-12-11 22:09:49,N/A,0.0,N/A,N/A,N/A,No Face Detected,N/A,N/A
2024-12-11 22:09:50,N/A,0.0,N/A,N/A,N/A,No Face Detected,N/A,N/A
2024-12-11 22:09:51,N/A,0.0,N/A,N/A,N/A,No Face Detected,N/A,N/A
2024-12-11 22:09:52,N/A,0.0,N/A,N/A,N/A,No Face Detected,N/A,N/A
2024-12-11 22:09:53,N/A,0.0,N/A,N/A,N/A,No Face Detected,N/A,N/A
2024-12-11 22:09:54,N/A,0.0,N/A,N/A,N/A,No Face Detected,N/A,N/A
2024-12-11 22:09:55,N/A,0.0,N/A,N/A,N/A,No Face Detected,N/A,N/A
2024-12-11 22:09:56,0.3,0.28,94.61,40.0,0,No Fatigue,0.16,Not Yawning
2024-12-11 22:09:58,0.26,0.31,92.6,40.0,0,No Fatigue,0.18,Not Yawning
2024-12-11 22:09:59,N/A,0.0,N/A,N/A,N/A,No Face Detected,N/A,N/A
2024-12-11 22:10:00,0.18,0.29,100.62,43.33,0,No Fatigue,0.16,Not Yawning
2024-12-11 22:10:01,0.25,0.25,94.01,43.33,0,No Fatigue,0.18,Not Yawning
2024-12-11 22:10:02,0.11,0.39,93.32,43.33,0,No Fatigue,0.13,Not Yawning
2024-12-11 22:10:03,0.28,0.39,90.77,43.33,0,No Fatigue,0.15,Not Yawning
2024-12-11 22:10:05,0.26,0.37,87.65,43.33,0,No Fatigue,0.17,Not Yawning
2024-12-11 22:10:06,0.21,0.35,85.3,46.67,0,No Fatigue,0.17,Not Yawning
2024-12-11 22:10:07,0.12,0.44,89.22,46.67,0,No Fatigue,0.14,Not Yawning
2024-12-11 22:10:08,0.16,0.39,91.61,46.67,0,No Fatigue,0.18,Not Yawning
2024-12-11 22:10:09,0.31,0.36,92.94,43.33,0,No Fatigue,0.17,Not Yawning
2024-12-11 22:10:10,0.23,0.32,92.29,43.33,0,No Fatigue,0.16,Not Yawning
2024-12-11 22:10:11,0.17,0.33,89.16,43.33,0,No Fatigue,0.17,Not Yawning
2024-12-11 22:10:12,0.15,0.31,88.21,40.0,0,No Fatigue,0.18,Not Yawning
2024-12-11 22:10:13,0.13,0.33,92.49,40.0,0,No Fatigue,0.16,Not Yawning
2024-12-11 22:10:14,0.28,0.36,91.61,36.67,0,No Fatigue,0.19,Not Yawning
2024-12-11 22:10:16,0.25,0.31,91.64,33.33,0,No Fatigue,0.17,Not Yawning
2024-12-11 22:10:17,0.3,0.3,93.22,33.33,0,No Fatigue,0.17,Not Yawning
2024-12-11 22:10:18,0.27,0.33,92.42,30.0,0,No Fatigue,0.16,Not Yawning
2024-12-11 22:10:19,0.13,0.33,90.0,30.0,0,No Fatigue,0.18,Not Yawning
2024-12-11 22:10:20,0.21,0.35,91.64,33.33,0,No Fatigue,0.19,Not Yawning
2024-12-11 22:10:21,0.27,0.33,94.14,33.33,0,No Fatigue,0.18,Not Yawning
2024-12-11 22:10:22,0.21,0.36,94.09,36.67,0,No Fatigue,0.19,Not Yawning
2024-12-11 22:10:24,0.27,0.36,93.22,30.0,0,No Fatigue,0.21,Not Yawning
2024-12-11 22:10:25,0.27,0.35,93.27,26.67,0,No Fatigue,0.19,Not Yawning
2024-12-11 22:10:26,0.25,0.35,90.74,30.0,0,No Fatigue,0.21,Not Yawning
2024-12-11 22:10:27,0.23,0.34,92.35,30.0,0,No Fatigue,0.16,Not Yawning
2024-12-11 22:10:28,0.21,0.44,92.32,33.33,0,No Fatigue,0.0,Mouth Covered
2024-12-11 22:10:29,0.24,0.35,92.77,36.67,0,No Fatigue,0.14,Not Yawning
2024-12-11 22:10:31,0.29,0.32,86.82,33.33,0,No Fatigue,0.15,Not Yawning
2024-12-11 22:10:32,0.21,0.36,91.51,33.33,0,No Fatigue,0.13,Not Yawning
2024-12-11 22:10:33,0.17,0.33,102.14,40.0,0,No Fatigue,0.14,Not Yawning
2024-12-11 22:10:36,0.19,0.3,95.0,36.67,0,No Fatigue,0.15,Not Yawning
2024-12-11 22:10:38,0.23,0.3,92.17,40.0,0,No Fatigue,0.19,Not Yawning
2024-12-11 22:10:39,0.19,0.35,92.07,50.0,0,No Fatigue,0.15,Not Yawning
2024-12-11 22:10:40,0.2,0.34,95.06,56.67,0,No Fatigue,0.13,Not Yawning
2024-12-11 22:10:41,0.16,0.29,94.46,63.33,0,No Fatigue,0.15,Not Yawning
2024-12-11 22:10:42,0.17,0.3,95.19,70.0,0,No Fatigue,0.17,Not Yawning
2024-12-11 22:10:44,0.24,0.3,95.71,66.67,0,No Fatigue,0.17,Not Yawning
2024-12-11 22:10:45,0.1,0.28,95.06,76.67,0,No Fatigue,0.15,Not Yawning
2024-12-11 22:10:46,0.27,0.29,93.53,76.67,0,No Fatigue,0.16,Not Yawning
2024-12-11 22:10:47,0.2,0.28,92.9,73.33,0,No Fatigue,0.17,Not Yawning
2024-12-11 22:10:48,0.17,0.26,93.67,76.67,0,No Fatigue,0.17,Not Yawning
2024-12-11 22:10:49,0.2,0.28,93.67,80.0,0,No Fatigue,0.17,Not Yawning
2024-12-11 22:10:50,0.24,0.29,94.34,76.67,0,No Fatigue,0.16,Not Yawning
2024-12-11 22:10:51,0.23,0.27,94.4,73.33,0,No Fatigue,0.16,Not Yawning
2024-12-11 22:10:52,0.22,0.28,93.67,70.0,0,No Fatigue,0.16,Not Yawning
2024-12-11 22:10:53,0.22,0.26,94.4,70.0,0,No Fatigue,0.16,Not Yawning
2024-12-11 22:10:54,0.13,0.36,90.0,73.33,0,No Fatigue,0.15,Not Yawning
2024-12-11 22:10:55,0.23,0.35,93.01,66.67,0,No Fatigue,0.15,Not Yawning
2024-12-11 22:10:56,0.25,0.35,89.17,63.33,0,No Fatigue,0.19,Not Yawning
2024-12-11 22:10:58,0.22,0.25,89.1,60.0,0,No Fatigue,0.12,Not Yawning
2024-12-11 22:10:59,0.26,0.29,90.84,56.67,0,No Fatigue,0.15,Not Yawning
2024-12-11 22:11:00,0.28,0.42,86.82,46.67,0,No Fatigue,0.0,Mouth Covered
2024-12-11 22:11:01,0.19,0.3,86.31,46.67,0,No Fatigue,0.11,Not Yawning
2024-12-11 22:11:02,0.21,0.29,89.14,50.0,0,No Fatigue,0.16,Not Yawning
2024-12-11 22:11:04,0.14,0.29,89.1,46.67,0,No Fatigue,0.17,Not Yawning
2024-12-11 22:11:05,0.25,0.32,87.32,43.33,0,No Fatigue,0.15,Not Yawning
2024-12-11 22:11:06,0.25,0.27,90.92,40.0,0,No Fatigue,0.18,Not Yawning
2024-12-11 22:11:07,0.17,0.33,89.1,43.33,0,No Fatigue,0.18,Not Yawning
2024-12-11 22:11:08,0.25,0.27,90.0,40.0,0,No Fatigue,0.16,Not Yawning
2024-12-11 22:11:10,0.24,0.31,89.08,33.33,0,No Fatigue,0.18,Not Yawning
2024-12-11 22:11:11,0.18,0.31,90.92,40.0,0,No Fatigue,0.19,Not Yawning
2024-12-11 22:11:12,0.23,0.35,90.0,40.0,0,No Fatigue,0.18,Not Yawning
2024-12-11 22:11:13,0.21,0.35,90.0,40.0,0,No Fatigue,0.16,Not Yawning
2024-12-11 22:11:14,0.27,0.34,90.0,33.33,0,No Fatigue,0.17,Not Yawning
2024-12-11 22:11:15,0.26,0.35,90.0,26.67,0,No Fatigue,0.18,Not Yawning
2024-12-11 22:11:16,0.17,0.4,95.96,33.33,0,No Fatigue,0.17,Not Yawning
2024-12-11 22:11:18,0.14,0.3,94.24,40.0,0,No Fatigue,0.14,Not Yawning
2024-12-11 22:11:55,0.23,0.33,97.46,43.33,0,No Fatigue,0.18,Not Yawning
2024-12-11 22:11:57,0.24,0.33,97.64,40.0,0,No Fatigue,0.18,Not Yawning
2024-12-11 22:12:04,0.15,0.27,95.14,43.33,0,No Fatigue,0.16,Not Yawning
2024-12-11 22:12:05,0.17,0.36,90.0,46.67,0,No Fatigue,0.16,Not Yawning
2024-12-11 22:12:07,0.28,0.3,96.26,43.33,0,No Fatigue,0.15,Not Yawning
2024-12-11 22:13:11,0.27,0.34,89.37,43.33,0,No Fatigue,0.14,Not Yawning
2024-12-11 22:13:18,0.15,0.29,93.11,43.33,0,No Fatigue,0.14,Not Yawning
2024-12-11 22:13:19,0.27,0.37,93.33,40.0,0,No Fatigue,0.15,Not Yawning
2024-12-11 22:13:20,0.31,0.36,97.05,40.0,0,No Fatigue,0.13,Not Yawning
2024-12-11 22:13:21,0.32,0.35,91.85,40.0,0,No Fatigue,0.14,Not Yawning
2024-12-11 22:13:22,0.29,0.34,95.65,33.33,0,No Fatigue,0.15,Not Yawning
2024-12-11 22:13:24,0.3,0.38,97.59,33.33,0,No Fatigue,0.14,Not Yawning
2024-12-11 22:13:25,0.17,0.3,92.86,33.33,0,No Fatigue,0.14,Not Yawning
2024-12-11 22:13:53,0.22,0.26,92.83,36.67,0,No Fatigue,0.17,Not Yawning
2024-12-11 22:13:55,0.26,0.3,94.6,36.67,0,No Fatigue,0.15,Not Yawning
2024-12-11 22:13:56,0.32,0.33,93.99,30.0,0,No Fatigue,0.14,Not Yawning
2024-12-11 22:14:54,0.27,0.3,94.18,26.67,0,No Fatigue,0.16,Not Yawning
2024-12-11 22:14:55,0.29,0.37,94.76,23.33,0,No Fatigue,0.13,Not Yawning
2024-12-11 22:15:19,0.19,0.32,95.13,26.67,0,No Fatigue,0.13,Not Yawning
2024-12-11 22:15:22,0.28,0.34,92.1,26.67,0,No Fatigue,0.16,Not Yawning
2024-12-11 22:15:23,0.27,0.33,91.79,23.33,0,No Fatigue,0.14,Not Yawning
2024-12-11 22:15:25,0.29,0.32,93.58,23.33,0,No Fatigue,0.15,Not Yawning
2024-12-11 22:15:26,0.28,0.34,92.83,23.33,0,No Fatigue,0.16,Not Yawning
2024-12-11 22:15:27,0.28,0.3,94.34,26.67,0,No Fatigue,0.16,Not Yawning
2024-12-11 22:15:29,0.27,0.32,92.79,23.33,0,No Fatigue,0.15,Not Yawning
2024-12-11 22:15:41,0.26,0.26,91.41,26.67,0,No Fatigue,0.17,Not Yawning
2024-12-11 22:15:42,0.2,0.34,96.26,23.33,0,No Fatigue,0.16,Not Yawning
2024-12-11 22:15:54,0.26,0.32,94.24,26.67,0,No Fatigue,0.16,Not Yawning
2024-12-11 22:15:56,0.27,0.3,94.18,26.67,0,No Fatigue,0.17,Not Yawning
2024-12-11 22:15:57,0.21,0.31,94.29,30.0,0,No Fatigue,0.16,Not Yawning
2024-12-11 22:16:02,0.26,0.35,94.88,30.0,0,No Fatigue,0.14,Not Yawning
2024-12-11 22:16:03,0.29,0.33,94.18,26.67,0,No Fatigue,0.15,Not Yawning
2024-12-11 22:16:04,0.26,0.34,94.24,23.33,0,No Fatigue,0.15,Not Yawning
2024-12-11 22:16:05,0.3,0.33,95.13,23.33,0,No Fatigue,0.16,Not Yawning
2024-12-11 22:16:08,0.18,0.28,95.13,26.67,0,No Fatigue,0.14,Not Yawning
2024-12-11 22:16:10,0.2,0.27,96.58,30.0,0,No Fatigue,0.15,Not Yawning
2024-12-11 22:16:11,0.19,0.28,97.5,33.33,0,No Fatigue,0.15,Not Yawning
2024-12-11 22:16:23,0.23,0.35,94.04,33.33,0,No Fatigue,0.15,Not Yawning
2024-12-11 22:16:24,0.16,0.32,97.13,36.67,0,No Fatigue,0.18,Not Yawning
2024-12-11 22:16:37,0.3,0.36,96.12,33.33,0,No Fatigue,0.17,Not Yawning
2024-12-11 22:16:39,0.3,0.35,94.88,30.0,0,No Fatigue,0.17,Not Yawning
2024-12-11 22:16:41,0.22,0.34,93.49,33.33,0,No Fatigue,0.15,Not Yawning
2024-12-11 22:16:42,0.25,0.36,91.85,36.67,0,No Fatigue,0.15,Not Yawning
2024-12-11 22:16:43,0.2,0.35,92.54,43.33,0,No Fatigue,0.16,Not Yawning
2024-12-11 22:16:44,0.19,0.35,90.63,53.33,0,No Fatigue,0.16,Not Yawning
2024-12-11 22:16:46,0.18,0.19,92.86,56.67,0,No Fatigue,0.15,Not Yawning
2024-12-11 22:16:47,0.3,0.22,91.47,56.67,0,No Fatigue,0.15,Not Yawning
2024-12-11 22:16:52,0.28,0.34,92.07,53.33,0,No Fatigue,0.15,Not Yawning
2024-12-11 22:16:53,0.29,0.33,92.86,50.0,0,No Fatigue,0.15,Not Yawning
2024-12-11 22:16:54,N/A,0.0,N/A,N/A,N/A,No Face Detected,N/A,N/A
2024-12-11 22:16:57,0.29,0.37,94.55,40.0,0,No Fatigue,0.15,Not Yawning
2024-12-11 22:17:10,0.3,0.33,94.76,40.0,0,No Fatigue,0.19,Not Yawning
2024-12-11 22:17:11,0.28,0.35,92.12,36.67,0,No Fatigue,0.17,Not Yawning
2024-12-11 22:17:13,0.23,0.33,91.41,36.67,0,No Fatigue,0.15,Not Yawning
2024-12-11 22:17:14,0.26,0.36,92.1,40.0,0,No Fatigue,0.16,Not Yawning
2024-12-11 22:17:16,0.26,0.34,93.53,33.33,0,No Fatigue,0.16,Not Yawning
2024-12-11 22:17:17,0.27,0.37,92.86,26.67,0,No Fatigue,0.17,Not Yawning
2024-12-11 22:17:18,0.24,0.35,93.62,20.0,0,No Fatigue,0.17,Not Yawning
2024-12-11 22:17:19,0.21,0.35,93.62,26.67,0,No Fatigue,0.17,Not Yawning
2024-12-11 22:17:20,0.25,0.38,92.9,30.0,0,No Fatigue,0.15,Not Yawning
2024-12-11 22:17:21,0.25,0.38,94.24,30.0,0,No Fatigue,0.17,Not Yawning
2024-12-11 22:17:22,0.28,0.35,94.34,26.67,0,No Fatigue,0.18,Not Yawning
2024-12-11 22:17:24,0.26,0.31,93.67,26.67,0,No Fatigue,0.17,Not Yawning
2024-12-11 22:17:25,0.19,0.35,92.9,26.67,0,No Fatigue,0.16,Not Yawning
2024-12-11 22:17:26,0.22,0.32,92.94,26.67,0,No Fatigue,0.17,Not Yawning
2024-12-11 22:17:27,0.21,0.31,92.97,30.0,0,No Fatigue,0.18,Not Yawning
2024-12-11 22:17:28,0.24,0.25,93.01,26.67,0,No Fatigue,0.19,Not Yawning
2024-12-11 22:17:29,0.2,0.27,92.97,30.0,0,No Fatigue,0.17,Not Yawning
2024-12-11 22:17:30,0.16,0.27,92.97,33.33,0,No Fatigue,0.16,Not Yawning
2024-12-11 22:17:32,0.13,0.27,95.86,40.0,0,No Fatigue,0.15,Not Yawning
2024-12-11 22:18:18,0.21,0.28,95.71,43.33,0,No Fatigue,0.19,Not Yawning
2024-12-11 22:18:25,0.2,0.31,98.34,50.0,0,No Fatigue,0.15,Not Yawning
2024-12-11 22:18:27,0.22,0.28,94.64,56.67,0,No Fatigue,0.18,Not Yawning
2024-12-11 22:18:35,0.18,0.34,92.76,56.67,0,No Fatigue,0.2,Not Yawning
2024-12-11 22:18:41,0.16,0.24,95.06,60.0,0,No Fatigue,0.19,Not Yawning
2024-12-11 22:18:44,0.23,0.23,89.25,66.67,0,No Fatigue,0.21,Not Yawning
2024-12-11 22:18:50,0.21,0.23,90.77,70.0,0,No Fatigue,0.18,Not Yawning
2024-12-11 22:18:54,0.25,0.22,92.39,66.67,0,No Fatigue,0.19,Not Yawning
2024-12-11 22:21:05,0.2,0.3,93.45,70.0,0,No Fatigue,0.13,Not Yawning
2024-12-11 22:22:20,0.21,0.31,93.87,66.67,0,No Fatigue,0.19,Not Yawning
2024-12-11 22:22:21,0.24,0.33,93.14,60.0,0,No Fatigue,0.17,Not Yawning
2024-12-11 22:22:22,0.19,0.38,96.67,60.0,0,No Fatigue,0.18,Not Yawning
2024-12-11 22:22:35,0.16,0.29,92.15,60.0,0,No Fatigue,0.14,Not Yawning
2024-12-11 22:22:36,0.18,0.34,83.29,60.0,0,No Fatigue,0.15,Not Yawning
2024-12-11 22:22:37,0.24,0.26,89.24,56.67,0,No Fatigue,0.17,Not Yawning
2024-12-11 22:22:38,0.28,0.28,90.74,53.33,0,No Fatigue,0.18,Not Yawning
2024-12-11 22:22:40,0.26,0.32,88.53,53.33,0,No Fatigue,0.16,Not Yawning
2024-12-11 22:22:41,0.26,0.29,89.25,43.33,0,No Fatigue,0.15,Not Yawning
2024-12-11 22:22:43,0.22,0.31,89.23,40.0,0,No Fatigue,0.18,Not Yawning
2024-12-11 22:22:44,0.29,0.32,90.8,43.33,0,No Fatigue,0.16,Not Yawning
2024-12-11 22:22:45,0.23,0.31,90.8,46.67,0,No Fatigue,0.16,Not Yawning
2024-12-11 22:22:46,0.24,0.3,92.35,43.33,0,No Fatigue,0.18,Not Yawning
2024-12-11 22:22:47,0.25,0.3,91.59,40.0,0,No Fatigue,0.17,Not Yawning
2024-12-11 22:22:48,0.24,0.33,90.78,30.0,0,No Fatigue,0.16,Not Yawning
2024-12-11 22:22:50,0.23,0.3,89.22,26.67,0,No Fatigue,0.17,Not Yawning
2024-12-11 22:22:51,0.17,0.32,89.2,30.0,0,No Fatigue,0.16,Not Yawning
2024-12-11 22:22:53,0.16,0.28,93.67,33.33,0,No Fatigue,0.17,Not Yawning
2024-12-11 22:22:55,0.17,0.32,92.94,43.33,0,No Fatigue,0.14,Not Yawning
2024-12-11 22:23:09,0.17,0.32,94.46,43.33,0,No Fatigue,0.17,Not Yawning
2024-12-11 22:23:11,0.15,0.23,93.81,46.67,0,No Fatigue,0.14,Not Yawning
2024-12-11 22:23:12,0.26,0.25,92.97,53.33,0,No Fatigue,0.16,Not Yawning
2024-12-11 22:23:13,0.26,0.24,90.74,50.0,0,No Fatigue,0.17,Not Yawning
2024-12-11 22:23:14,0.25,0.28,90.72,46.67,0,No Fatigue,0.16,Not Yawning
2024-12-11 22:23:15,0.25,0.29,90.73,40.0,0,No Fatigue,0.16,Not Yawning
2024-12-11 22:23:16,0.27,0.31,91.45,40.0,0,No Fatigue,0.16,Not Yawning
2024-12-11 22:23:18,0.26,0.3,92.23,40.0,0,No Fatigue,0.16,Not Yawning
2024-12-11 22:23:19,0.26,0.31,93.01,43.33,0,No Fatigue,0.15,Not Yawning
2024-12-11 22:23:20,0.25,0.3,92.97,33.33,0,No Fatigue,0.15,Not Yawning
2024-12-11 22:23:21,0.19,0.32,93.01,33.33,0,No Fatigue,0.15,Not Yawning
2024-12-11 22:23:23,0.23,0.32,93.72,33.33,0,No Fatigue,0.15,Not Yawning
2024-12-11 22:23:24,0.25,0.3,94.46,30.0,0,No Fatigue,0.18,Not Yawning
2024-12-11 22:23:26,0.23,0.25,92.2,33.33,0,No Fatigue,0.17,Not Yawning
2024-12-11 22:23:31,N/A,0.0,N/A,N/A,N/A,No Face Detected,N/A,N/A
2024-12-11 22:23:34,0.27,0.26,90.0,33.33,0,No Fatigue,0.17,Not Yawning
2024-12-11 22:23:35,0.28,0.31,90.74,33.33,0,No Fatigue,0.16,Not Yawning
2024-12-11 22:23:36,0.27,0.24,91.53,33.33,0,No Fatigue,0.17,Not Yawning
2024-12-11 22:23:37,0.16,0.32,93.53,40.0,0,No Fatigue,0.17,Not Yawning
2024-12-11 22:23:39,0.25,0.35,93.33,46.67,0,No Fatigue,0.15,Not Yawning
2024-12-11 22:23:40,0.27,0.29,94.29,46.67,0,No Fatigue,0.18,Not Yawning
2024-12-11 22:23:41,0.26,0.31,92.83,40.0,0,No Fatigue,0.17,Not Yawning
2024-12-11 22:23:43,0.25,0.32,90.78,33.33,0,No Fatigue,0.14,Not Yawning
2024-12-11 22:23:58,0.24,0.32,94.4,33.33,0,No Fatigue,0.17,Not Yawning
2024-12-11 22:23:59,0.17,0.32,93.81,33.33,0,No Fatigue,0.16,Not Yawning
2024-12-11 22:24:07,0.24,0.31,90.73,33.33,0,No Fatigue,0.17,Not Yawning
2024-12-11 22:24:08,0.18,0.3,91.53,40.0,0,No Fatigue,0.16,Not Yawning
2024-12-11 22:24:13,0.24,0.32,94.4,40.0,0,No Fatigue,0.18,Not Yawning
2024-12-11 22:24:28,0.28,0.35,91.51,46.67,0,No Fatigue,0.17,Not Yawning
2024-12-11 22:24:30,0.29,0.32,88.47,46.67,0,No Fatigue,0.18,Not Yawning
2024-12-11 22:24:32,0.31,0.35,89.24,36.67,0,No Fatigue,0.19,Not Yawning
2024-12-11 22:24:33,0.3,0.34,88.51,30.0,0,No Fatigue,0.17,Not Yawning
2024-12-11 22:24:34,0.29,0.34,87.8,26.67,0,No Fatigue,0.15,Not Yawning
2024-12-11 22:24:35,0.24,0.34,89.25,26.67,0,No Fatigue,0.17,Not Yawning
2024-12-11 22:24:58,0.25,0.3,93.53,23.33,0,No Fatigue,0.17,Not Yawning
2024-12-11 22:24:59,0.3,0.32,92.17,23.33,0,No Fatigue,0.16,Not Yawning
2024-12-11 22:25:02,0.13,0.35,93.41,26.67,0,No Fatigue,0.15,Not Yawning
2024-12-11 22:25:09,0.24,0.34,92.17,23.33,0,No Fatigue,0.17,Not Yawning
2024-12-11 22:25:10,0.2,0.34,92.32,23.33,0,No Fatigue,0.18,Not Yawning
2024-12-11 22:25:11,0.29,0.33,93.76,20.0,0,No Fatigue,0.16,Not Yawning
2024-12-11 22:25:13,0.27,0.36,92.29,20.0,0,No Fatigue,0.15,Not Yawning
2024-12-11 22:25:20,0.3,0.36,92.26,20.0,0,No Fatigue,0.17,Not Yawning
2024-12-11 22:25:22,0.29,0.33,91.41,20.0,0,No Fatigue,0.17,Not Yawning
2024-12-11 22:25:23,0.27,0.35,91.41,20.0,0,No Fatigue,0.17,Not Yawning
2024-12-11 22:25:24,0.25,0.35,90.0,20.0,0,No Fatigue,0.17,Not Yawning
2024-12-11 22:25:26,0.25,0.34,90.72,16.67,0,No Fatigue,0.17,Not Yawning
2024-12-11 22:25:27,0.26,0.35,91.41,16.67,0,No Fatigue,0.17,Not Yawning
2024-12-11 22:25:28,0.2,0.34,90.69,20.0,0,No Fatigue,0.16,Not Yawning
2024-12-11 22:25:45,0.2,0.34,93.76,20.0,0,No Fatigue,0.18,Not Yawning
2024-12-11 22:25:46,0.3,0.33,93.05,13.33,0,No Fatigue,0.17,Not Yawning
2024-12-11 22:25:48,0.25,0.32,90.0,13.33,0,No Fatigue,0.2,Not Yawning
2024-12-11 22:25:49,0.29,0.36,90.0,13.33,0,No Fatigue,0.19,Not Yawning
2024-12-11 22:25:50,0.26,0.35,90.0,6.67,0,No Fatigue,0.17,Not Yawning
2024-12-11 22:25:51,0.29,0.33,89.27,10.0,0,No Fatigue,0.19,Not Yawning
2024-12-11 22:25:53,0.29,0.33,90.0,10.0,0,No Fatigue,0.2,Not Yawning
2024-12-11 22:25:54,0.25,0.34,90.0,10.0,0,No Fatigue,0.19,Not Yawning
2024-12-11 22:25:55,0.25,0.33,90.72,13.33,0,No Fatigue,0.18,Not Yawning
2024-12-11 22:25:56,0.18,0.28,87.58,20.0,0,No Fatigue,0.17,Not Yawning
2024-12-11 22:25:57,0.26,0.34,90.0,20.0,0,No Fatigue,0.14,Not Yawning
2024-12-11 22:25:58,0.2,0.34,88.43,26.67,0,No Fatigue,0.17,Not Yawning
2024-12-11 22:25:59,0.22,0.27,89.17,36.67,0,No Fatigue,0.16,Not Yawning
2024-12-11 22:26:01,0.28,0.42,88.55,40.0,0,No Fatigue,0.13,Not Yawning
2024-12-11 22:26:02,0.28,0.22,91.61,40.0,0,No Fatigue,0.15,Not Yawning
2024-12-11 22:26:03,0.28,0.33,89.19,40.0,0,No Fatigue,0.18,Not Yawning
2024-12-11 22:26:04,0.27,0.33,90.0,40.0,0,No Fatigue,0.19,Not Yawning
2024-12-11 22:26:05,0.28,0.33,91.61,36.67,0,No Fatigue,0.17,Not Yawning
2024-12-11 22:26:07,0.28,0.32,90.0,33.33,0,No Fatigue,0.17,Not Yawning
2024-12-11 22:26:08,0.25,0.34,91.64,26.67,0,No Fatigue,0.17,Not Yawning
2024-12-11 22:26:09,0.28,0.31,90.82,23.33,0,No Fatigue,0.16,Not Yawning
2024-12-11 22:26:10,0.28,0.32,90.84,13.33,0,No Fatigue,0.18,Not Yawning
2024-12-11 22:26:11,0.22,0.33,91.64,6.67,0,No Fatigue,0.18,Not Yawning
2024-12-11 22:26:27,0.26,0.33,95.12,6.67,0,No Fatigue,0.16,Not Yawning
2024-12-11 22:26:29,0.27,0.28,93.32,10.0,0,No Fatigue,0.18,Not Yawning
2024-12-11 22:26:30,0.23,0.41,94.09,16.67,0,No Fatigue,0.16,Not Yawning
2024-12-11 22:26:35,0.3,0.34,90.0,16.67,0,No Fatigue,0.17,Not Yawning
2024-12-11 22:26:37,0.25,0.33,90.82,16.67,0,No Fatigue,0.17,Not Yawning
2024-12-11 22:26:38,0.29,0.34,91.61,16.67,0,No Fatigue,0.17,Not Yawning
2024-12-11 22:26:39,0.28,0.35,91.64,16.67,0,No Fatigue,0.15,Not Yawning
2024-12-11 22:26:41,0.3,0.35,92.42,16.67,0,No Fatigue,0.15,Not Yawning
2024-12-11 22:26:42,0.24,0.35,91.64,16.67,0,No Fatigue,0.15,Not Yawning
2024-12-11 22:26:43,0.27,0.32,91.64,16.67,0,No Fatigue,0.18,Not Yawning
2024-12-11 22:26:45,0.24,0.33,91.68,16.67,0,No Fatigue,0.18,Not Yawning
2024-12-11 22:26:46,0.27,0.35,92.45,13.33,0,No Fatigue,0.18,Not Yawning
2024-12-11 22:26:47,0.24,0.23,91.68,6.67,0,No Fatigue,0.14,Not Yawning
2024-12-11 22:26:48,0.24,0.19,90.0,10.0,0,No Fatigue,0.17,Not Yawning
2024-12-11 22:26:50,0.31,0.38,95.96,10.0,0,No Fatigue,0.14,Not Yawning
2024-12-11 22:26:51,0.26,0.39,90.0,13.33,0,No Fatigue,0.17,Not Yawning
2024-12-11 22:26:52,0.21,0.36,93.32,20.0,0,No Fatigue,0.15,Not Yawning
2024-12-11 22:26:54,0.31,0.29,94.14,23.33,0,No Fatigue,0.13,Not Yawning
2024-12-11 22:26:55,N/A,0.0,N/A,N/A,N/A,No Face Detected,N/A,N/A
2024-12-11 22:26:56,0.26,0.29,102.44,26.67,0,No Fatigue,0.14,Not Yawning
2024-12-11 22:26:57,0.22,0.28,89.18,30.0,0,No Fatigue,0.17,Not Yawning
2024-12-11 22:26:59,0.27,0.26,88.32,33.33,0,No Fatigue,0.17,Not Yawning
2024-12-11 22:27:00,0.27,0.27,89.12,33.33,0,No Fatigue,0.17,Not Yawning
2024-12-11 22:27:01,0.24,0.27,89.12,36.67,0,No Fatigue,0.17,Not Yawning
2024-12-11 22:27:03,0.25,0.26,90.0,33.33,0,No Fatigue,0.17,Not Yawning
2024-12-11 22:27:04,0.24,0.27,89.12,30.0,0,No Fatigue,0.2,Not Yawning
2024-12-11 22:27:05,0.17,0.3,87.34,36.67,0,No Fatigue,0.18,Not Yawning
2024-12-11 22:27:06,0.28,0.27,89.13,30.0,0,No Fatigue,0.19,Not Yawning
2024-12-11 22:27:28,0.27,0.36,94.7,33.33,0,No Fatigue,0.19,Not Yawning
2024-12-11 22:27:30,0.27,0.3,88.34,30.0,0,No Fatigue,0.19,Not Yawning
2024-12-11 22:27:32,0.28,0.33,87.47,30.0,0,No Fatigue,0.18,Not Yawning
2024-12-11 22:27:33,0.26,0.32,89.17,26.67,0,No Fatigue,0.19,Not Yawning
2024-12-11 22:27:34,0.28,0.43,91.64,23.33,0,No Fatigue,0.0,Mouth Covered
2024-12-11 22:27:35,0.29,0.35,87.77,23.33,0,No Fatigue,0.0,Mouth Covered
2024-12-11 22:27:36,0.26,0.33,90.84,20.0,0,No Fatigue,0.14,Not Yawning
2024-12-11 22:27:37,0.26,0.3,90.83,20.0,0,No Fatigue,0.16,Not Yawning
2024-12-11 22:27:38,0.26,0.27,92.53,23.33,0,No Fatigue,0.15,Not Yawning
2024-12-11 22:27:40,0.11,0.35,91.66,23.33,0,No Fatigue,0.16,Not Yawning
2024-12-11 22:27:41,0.26,0.36,90.83,23.33,0,No Fatigue,0.16,Not Yawning
2024-12-11 22:27:42,0.22,0.38,91.61,30.0,0,No Fatigue,0.14,Not Yawning
2024-12-11 22:27:43,0.26,0.37,94.14,36.67,0,No Fatigue,0.15,Not Yawning
2024-12-11 22:28:22,0.22,0.3,97.03,40.0,0,No Fatigue,0.18,Not Yawning
2024-12-11 22:28:24,0.2,0.24,98.33,50.0,0,No Fatigue,0.17,Not Yawning
2024-12-11 22:28:29,0.24,0.28,94.45,50.0,0,No Fatigue,0.19,Not Yawning
2024-12-11 22:28:31,0.24,0.26,90.71,53.33,0,No Fatigue,0.18,Not Yawning
2024-12-11 22:28:32,0.17,0.25,94.51,60.0,0,No Fatigue,0.16,Not Yawning
2024-12-11 22:29:58,0.24,0.33,93.97,63.33,0,No Fatigue,0.18,Not Yawning
2024-12-11 22:29:59,0.25,0.32,93.32,63.33,0,No Fatigue,0.19,Not Yawning
2024-12-11 22:30:24,0.31,0.36,91.57,63.33,0,No Fatigue,0.15,Not Yawning
2024-12-11 22:30:25,0.28,0.37,91.59,60.0,0,No Fatigue,0.18,Not Yawning
2024-12-11 22:30:26,0.26,0.26,89.23,60.0,0,No Fatigue,0.18,Not Yawning
2024-12-11 22:30:28,0.27,0.34,88.47,50.0,0,No Fatigue,0.16,Not Yawning
2024-12-11 22:30:29,0.24,0.31,88.41,46.67,0,No Fatigue,0.19,Not Yawning
2024-12-11 22:30:30,0.24,0.32,89.23,43.33,0,No Fatigue,0.16,Not Yawning
2024-12-11 22:30:31,0.23,0.33,89.22,33.33,0,No Fatigue,0.17,Not Yawning
2024-12-11 22:30:32,0.26,0.33,89.23,36.67,0,No Fatigue,0.18,Not Yawning
2024-12-11 22:30:33,0.26,0.33,89.22,26.67,0,No Fatigue,0.17,Not Yawning
2024-12-11 22:30:34,0.27,0.33,89.22,20.0,0,No Fatigue,0.17,Not Yawning
2024-12-11 22:30:35,0.25,0.33,89.23,16.67,0,No Fatigue,0.18,Not Yawning
2024-12-11 22:30:37,0.24,0.33,90.72,20.0,0,No Fatigue,0.18,Not Yawning
2024-12-11 22:30:38,0.21,0.36,90.0,26.67,0,No Fatigue,0.17,Not Yawning
2024-12-11 22:30:39,0.24,0.32,89.28,23.33,0,No Fatigue,0.18,Not Yawning
2024-12-11 22:30:40,0.22,0.34,90.0,30.0,0,No Fatigue,0.18,Not Yawning
2024-12-11 22:30:41,0.22,0.36,90.0,36.67,0,No Fatigue,0.16,Not Yawning
2024-12-11 22:30:43,0.11,0.33,88.43,46.67,0,No Fatigue,0.19,Not Yawning
2024-12-11 22:30:44,0.24,0.34,90.0,50.0,0,No Fatigue,0.18,Not Yawning
2024-12-11 22:30:57,0.22,0.27,90.0,53.33,0,No Fatigue,0.19,Not Yawning
2024-12-11 22:31:34,0.17,0.3,94.18,56.67,0,No Fatigue,0.15,Not Yawning
2024-12-11 22:31:36,0.29,0.3,85.91,53.33,0,No Fatigue,0.19,Not Yawning
2024-12-11 22:31:38,0.27,0.3,86.63,50.0,0,No Fatigue,0.18,Not Yawning
2024-12-11 22:31:39,0.25,0.3,87.4,43.33,0,No Fatigue,0.19,Not Yawning
2024-12-11 22:31:40,0.24,0.32,86.63,43.33,0,No Fatigue,0.18,Not Yawning
2024-12-11 22:31:41,0.28,0.3,86.58,30.0,0,No Fatigue,0.21,Not Yawning
2024-12-11 22:31:43,0.26,0.42,88.64,20.0,0,No Fatigue,0.17,Not Yawning
2024-12-11 22:31:44,0.29,0.41,89.29,13.33,0,No Fatigue,0.0,Mouth Covered
2024-12-11 22:31:45,0.23,0.28,90.0,3.33,0,No Fatigue,0.16,Not Yawning
2024-12-11 22:31:46,0.28,0.36,88.45,3.33,0,No Fatigue,0.15,Not Yawning
2024-12-11 22:31:47,0.28,0.28,90.87,6.67,0,No Fatigue,0.17,Not Yawning
2024-12-11 22:31:48,0.26,0.29,90.87,6.67,0,No Fatigue,0.16,Not Yawning
2024-12-11 22:31:49,0.26,0.28,89.14,10.0,0,No Fatigue,0.19,Not Yawning
2024-12-11 22:31:51,0.3,0.29,90.86,10.0,0,No Fatigue,0.18,Not Yawning
2024-12-11 22:31:52,0.3,0.28,89.13,6.67,0,No Fatigue,0.19,Not Yawning
2024-12-11 22:31:53,0.3,0.31,89.13,6.67,0,No Fatigue,0.17,Not Yawning
2024-12-11 22:31:54,0.31,0.31,89.13,6.67,0,No Fatigue,0.18,Not Yawning
2024-12-11 22:31:55,0.33,0.33,90.0,6.67,0,No Fatigue,0.18,Not Yawning
2024-12-11 22:31:56,0.31,0.35,92.35,6.67,0,No Fatigue,0.17,Not Yawning
2024-12-11 22:31:58,0.2,0.33,90.83,6.67,0,No Fatigue,0.16,Not Yawning
2024-12-11 22:31:59,0.21,0.33,90.83,16.67,0,No Fatigue,0.17,Not Yawning
2024-12-11 22:32:45,0.24,0.33,96.42,16.67,0,No Fatigue,0.17,Not Yawning
2024-12-11 22:32:48,0.28,0.28,88.41,16.67,0,No Fatigue,0.21,Not Yawning
2024-12-11 22:32:49,0.27,0.35,85.71,16.67,0,No Fatigue,0.17,Not Yawning
2024-12-11 22:32:51,0.24,0.32,89.25,16.67,0,No Fatigue,0.18,Not Yawning
2024-12-11 22:32:52,0.26,0.32,87.1,16.67,0,No Fatigue,0.18,Not Yawning
2024-12-11 22:32:53,0.27,0.35,87.83,16.67,0,No Fatigue,0.18,Not Yawning
2024-12-11 22:32:54,0.23,0.3,86.24,16.67,0,No Fatigue,0.16,Not Yawning
2024-12-11 22:32:56,0.24,0.29,86.73,16.67,0,No Fatigue,0.19,Not Yawning
2024-12-11 22:32:57,0.21,0.29,90.0,20.0,0,No Fatigue,0.18,Not Yawning
2024-12-11 22:32:58,0.28,0.28,92.42,13.33,0,No Fatigue,0.18,Not Yawning
2024-12-11 22:32:59,0.24,0.29,89.2,3.33,0,No Fatigue,0.16,Not Yawning
2024-12-11 22:33:01,0.26,0.32,89.22,6.67,0,No Fatigue,0.19,Not Yawning
2024-12-11 22:33:02,0.25,0.28,89.19,6.67,0,No Fatigue,0.19,Not Yawning
2024-12-11 22:33:03,0.24,0.29,90.83,10.0,0,No Fatigue,0.18,Not Yawning
2024-12-11 22:33:04,0.28,0.31,90.0,10.0,0,No Fatigue,0.18,Not Yawning
2024-12-11 22:33:06,0.27,0.28,89.23,13.33,0,No Fatigue,0.17,Not Yawning
2024-12-11 22:33:07,0.25,0.29,90.0,10.0,0,No Fatigue,0.18,Not Yawning
2024-12-11 22:33:08,0.24,0.3,90.83,13.33,0,No Fatigue,0.17,Not Yawning
2024-12-11 22:33:09,0.26,0.3,90.0,13.33,0,No Fatigue,0.17,Not Yawning
2024-12-11 22:33:10,0.25,0.29,89.16,10.0,0,No Fatigue,0.18,Not Yawning
2024-12-11 22:33:11,0.28,0.29,88.32,10.0,0,No Fatigue,0.19,Not Yawning
2024-12-11 22:33:13,0.25,0.29,89.16,10.0,0,No Fatigue,0.17,Not Yawning
2024-12-11 22:33:14,0.27,0.29,90.0,10.0,0,No Fatigue,0.19,Not Yawning
2024-12-11 22:33:15,0.27,0.3,90.81,10.0,0,No Fatigue,0.17,Not Yawning
2024-12-11 22:33:17,0.24,0.29,90.0,13.33,0,No Fatigue,0.18,Not Yawning
2024-12-11 22:33:18,0.23,0.31,90.0,13.33,0,No Fatigue,0.17,Not Yawning
2024-12-11 22:33:19,0.25,0.31,94.47,20.0,0,No Fatigue,0.19,Not Yawning
2024-12-11 22:33:20,0.18,0.29,87.36,26.67,0,No Fatigue,0.18,Not Yawning
2024-12-11 22:33:21,0.18,0.28,90.0,36.67,0,No Fatigue,0.18,Not Yawning
2024-12-11 22:33:52,0.18,0.28,91.38,43.33,0,No Fatigue,0.19,Not Yawning
2024-12-11 22:33:53,0.25,0.28,93.37,43.33,0,No Fatigue,0.17,Not Yawning
2024-12-11 22:33:55,0.22,0.28,94.88,46.67,0,No Fatigue,0.18,Not Yawning
2024-12-11 22:33:56,0.21,0.3,96.19,56.67,0,No Fatigue,0.19,Not Yawning
2024-12-11 22:33:57,0.21,0.28,94.18,63.33,0,No Fatigue,0.18,Not Yawning
2024-12-11 22:33:58,0.21,0.28,94.88,73.33,0,No Fatigue,0.18,Not Yawning
2024-12-11 22:33:59,0.19,0.28,94.09,76.67,0,No Fatigue,0.19,Not Yawning
2024-12-11 22:34:02,0.18,0.27,94.6,83.33,0,No Fatigue,0.19,Not Yawning
2024-12-11 22:37:03,0.25,0.27,99.46,80.0,0,No Fatigue,0.21,Not Yawning
2024-12-11 22:37:05,0.22,0.34,93.05,76.67,0,No Fatigue,0.15,Not Yawning
2024-12-11 22:37:06,0.24,0.16,98.62,73.33,0,No Fatigue,0.14,Not Yawning
2024-12-11 22:37:08,0.22,0.07,97.72,80.0,0,No Fatigue,0.12,Not Yawning
2024-12-11 22:37:09,0.28,0.04,96.55,70.0,0,No Fatigue,0.11,Not Yawning
2024-12-11 22:37:10,0.19,0.05,96.55,63.33,0,No Fatigue,0.11,Not Yawning
2024-12-11 22:37:11,0.25,0.37,93.61,50.0,0,No Fatigue,0.0,Mouth Covered
2024-12-11 22:37:12,0.27,0.24,88.77,40.0,0,No Fatigue,0.16,Not Yawning
2024-12-11 22:37:14,0.25,0.12,85.1,26.67,0,No Fatigue,0.18,Not Yawning
2024-12-11 22:37:15,0.23,0.05,87.32,26.67,0,No Fatigue,0.17,Not Yawning
2024-12-11 22:37:16,0.2,0.09,90.83,33.33,0,No Fatigue,0.15,Not Yawning
2024-12-11 22:37:17,0.23,0.06,87.51,36.67,0,No Fatigue,0.16,Not Yawning
2024-12-11 22:37:18,0.25,0.07,88.39,33.33,0,No Fatigue,0.18,Not Yawning
2024-12-11 22:37:19,0.22,0.08,90.0,40.0,0,No Fatigue,0.19,Not Yawning
2024-12-11 22:37:21,0.19,0.05,87.4,53.33,0,No Fatigue,0.15,Not Yawning
2024-12-11 22:37:22,0.18,0.05,88.26,56.67,0,No Fatigue,0.16,Not Yawning
2024-12-11 22:37:23,0.23,0.07,90.0,63.33,0,No Fatigue,0.18,Not Yawning
2024-12-11 22:37:24,0.23,0.23,110.11,60.0,0,No Fatigue,0.09,Not Yawning
2024-12-11 22:37:25,0.21,0.12,88.53,56.67,0,No Fatigue,0.14,Not Yawning
2024-12-11 22:37:26,0.26,0.22,95.55,46.67,0,No Fatigue,0.12,Not Yawning
2024-12-11 22:37:27,0.18,0.18,100.22,53.33,0,No Fatigue,0.12,Not Yawning
2024-12-11 22:37:29,0.2,0.19,98.0,60.0,0,No Fatigue,0.13,Not Yawning
2024-12-11 22:37:30,0.18,0.17,100.46,56.67,0,No Fatigue,0.14,Not Yawning
2024-12-11 22:37:31,0.28,0.05,98.69,50.0,0,No Fatigue,0.13,Not Yawning
2024-12-11 22:37:32,0.34,0.07,96.84,40.0,0,No Fatigue,0.12,Not Yawning
2024-12-11 22:37:33,0.33,0.08,100.38,43.33,0,No Fatigue,0.11,Not Yawning
2024-12-11 22:37:35,0.33,0.18,98.46,40.0,0,No Fatigue,0.1,Not Yawning
2024-12-11 22:37:36,0.27,0.14,99.59,40.0,0,No Fatigue,0.1,Not Yawning
2024-12-11 22:37:37,0.32,0.17,99.73,36.67,0,No Fatigue,0.09,Not Yawning
2024-12-11 22:37:38,N/A,0.0,N/A,N/A,N/A,No Face Detected,N/A,N/A
2024-12-11 22:37:39,N/A,0.0,N/A,N/A,N/A,No Face Detected,N/A,N/A
2024-12-11 22:38:08,0.29,0.37,104.04,33.33,0,No Fatigue,0.14,Not Yawning
2024-12-11 22:38:09,0.17,0.34,93.99,26.67,0,No Fatigue,0.13,Not Yawning
2024-12-11 22:38:12,0.18,0.26,99.46,26.67,0,No Fatigue,0.18,Not Yawning
2024-12-11 22:38:13,0.19,0.27,87.9,30.0,0,No Fatigue,0.2,Not Yawning
2024-12-11 22:38:15,0.23,0.29,92.86,33.33,0,No Fatigue,0.19,Not Yawning
2024-12-11 22:38:16,0.18,0.25,90.0,43.33,0,No Fatigue,0.19,Not Yawning
2024-12-11 22:38:17,0.21,0.37,91.43,50.0,0,No Fatigue,0.01,Not Yawning
2024-12-11 22:38:18,0.19,0.25,90.73,60.0,0,No Fatigue,0.18,Not Yawning
2024-12-11 22:38:19,0.17,0.23,91.47,70.0,0,No Fatigue,0.17,Not Yawning
2024-12-11 22:38:20,0.18,0.3,97.64,83.33,0,No Fatigue,0.18,Not Yawning
2024-12-11 22:38:22,0.15,0.24,92.76,93.33,0,No Fatigue,0.22,Not Yawning
2024-12-11 22:38:23,0.16,0.22,92.26,93.33,0,No Fatigue,0.19,Not Yawning
2024-12-11 22:38:24,0.17,0.23,93.05,100.0,0,No Fatigue,0.19,Not Yawning
2024-12-11 22:38:25,0.18,0.23,95.33,100.0,0,No Fatigue,0.19,Not Yawning
2024-12-11 22:38:26,0.15,0.25,95.0,100.0,0,No Fatigue,0.18,Not Yawning
2024-12-11 22:38:27,0.18,0.24,98.75,100.0,0,No Fatigue,0.21,Not Yawning
2024-12-11 22:38:29,0.1,0.25,97.04,100.0,0,No Fatigue,0.21,Not Yawning
2024-12-11 22:38:30,0.17,0.23,97.73,100.0,0,No Fatigue,0.2,Not Yawning
2024-12-11 22:38:31,0.19,0.26,98.64,100.0,0,No Fatigue,0.21,Not Yawning
2024-12-11 22:38:32,0.3,0.29,90.0,93.33,0,No Fatigue,0.13,Not Yawning
2024-12-11 22:38:33,0.21,0.3,96.58,90.0,0,No Fatigue,0.16,Not Yawning
2024-12-11 22:38:34,0.18,0.32,93.05,86.67,0,No Fatigue,0.18,Not Yawning
2024-12-11 22:38:36,N/A,0.0,N/A,N/A,N/A,No Face Detected,N/A,N/A
2024-12-11 22:38:37,0.24,0.12,105.32,80.0,0,No Fatigue,0.13,Not Yawning
2024-12-11 22:38:38,0.2,0.16,105.19,80.0,0,No Fatigue,0.16,Not Yawning
2024-12-11 22:38:39,0.19,0.13,105.19,80.0,0,No Fatigue,0.12,Not Yawning
2024-12-11 22:38:41,0.2,0.28,100.18,76.67,0,No Fatigue,0.2,Not Yawning
2024-12-11 22:38:42,0.19,0.26,99.46,76.67,0,No Fatigue,0.16,Not Yawning
2024-12-11 22:38:43,0.32,0.29,103.74,66.67,0,No Fatigue,0.17,Not Yawning
2024-12-11 22:38:45,0.29,0.33,99.46,56.67,0,No Fatigue,0.15,Not Yawning
2024-12-11 22:38:46,0.3,0.3,98.65,50.0,0,No Fatigue,0.16,Not Yawning
2024-12-11 22:38:47,0.29,0.33,98.22,43.33,0,No Fatigue,0.16,Not Yawning
2024-12-11 22:38:48,0.29,0.38,98.22,40.0,0,No Fatigue,0.17,Not Yawning
2024-12-11 22:38:49,0.32,0.38,97.59,36.67,0,No Fatigue,0.16,Not Yawning
2024-12-11 22:38:51,0.3,0.34,97.71,30.0,0,No Fatigue,0.15,Not Yawning
2024-12-11 22:38:52,0.29,0.32,98.47,23.33,0,No Fatigue,0.16,Not Yawning
2024-12-11 22:38:53,0.31,0.29,96.6,16.67,0,No Fatigue,0.14,Not Yawning
2024-12-11 22:38:54,0.2,0.33,97.28,13.33,0,No Fatigue,0.16,Not Yawning
2024-12-11 22:38:55,0.29,0.32,98.47,3.33,0,No Fatigue,0.17,Not Yawning
2024-12-11 22:38:57,0.21,0.35,97.48,6.67,0,No Fatigue,0.15,Not Yawning
2024-12-11 22:38:58,0.18,0.33,98.21,10.0,0,No Fatigue,0.16,Not Yawning
2024-12-11 22:39:05,0.23,0.37,95.38,13.33,0,No Fatigue,0.16,Not Yawning
2024-12-11 22:39:07,0.14,0.28,97.13,23.33,0,No Fatigue,0.18,Not Yawning
2024-12-11 22:39:08,0.17,0.29,96.97,33.33,0,No Fatigue,0.18,Not Yawning
2024-12-11 22:39:51,0.32,0.31,92.95,33.33,0,No Fatigue,0.15,Not Yawning
2024-12-11 22:39:53,0.21,0.34,93.86,36.67,0,No Fatigue,0.19,Not Yawning
2024-12-11 22:39:54,0.22,0.34,95.31,43.33,0,No Fatigue,0.17,Not Yawning
2024-12-11 22:39:55,0.23,0.29,92.69,46.67,0,No Fatigue,0.17,Not Yawning
2024-12-11 22:39:57,0.23,0.31,93.25,46.67,0,No Fatigue,0.18,Not Yawning
2024-12-11 22:39:58,0.25,0.34,96.56,43.33,0,No Fatigue,0.18,Not Yawning
2024-12-11 22:39:59,0.26,0.4,96.04,40.0,0,No Fatigue,0.17,Not Yawning
2024-12-11 22:40:00,0.28,0.25,94.24,36.67,0,No Fatigue,0.15,Not Yawning
2024-12-11 22:40:01,0.26,0.28,94.09,30.0,0,No Fatigue,0.15,Not Yawning
2024-12-11 22:40:02,0.26,0.26,94.18,20.0,0,No Fatigue,0.17,Not Yawning
2024-12-11 22:40:03,0.26,0.27,96.87,13.33,0,No Fatigue,0.17,Not Yawning
2024-12-11 22:40:04,0.2,0.28,97.46,10.0,0,No Fatigue,0.19,Not Yawning
2024-12-11 22:40:06,0.22,0.23,95.14,10.0,0,No Fatigue,0.19,Not Yawning
2024-12-11 22:40:07,0.23,0.25,94.5,16.67,0,No Fatigue,0.19,Not Yawning
2024-12-11 22:40:56,0.29,0.31,98.6,16.67,0,No Fatigue,0.19,Not Yawning
2024-12-11 22:40:57,0.3,0.29,95.71,16.67,0,No Fatigue,0.17,Not Yawning
2024-12-11 22:40:59,0.32,0.3,96.58,16.67,0,No Fatigue,0.17,Not Yawning
2024-12-11 22:41:00,0.18,0.26,97.79,20.0,0,No Fatigue,0.16,Not Yawning
2024-12-11 22:41:01,0.34,0.28,96.48,23.33,0,No Fatigue,0.15,Not Yawning
2024-12-11 22:41:02,0.22,0.27,93.37,33.33,0,No Fatigue,0.18,Not Yawning
2024-12-11 22:41:03,0.23,0.26,91.29,36.67,0,No Fatigue,0.17,Not Yawning
2024-12-11 22:41:04,0.22,0.27,92.73,43.33,0,No Fatigue,0.18,Not Yawning
2024-12-11 22:41:06,0.17,0.29,93.37,46.67,0,No Fatigue,0.18,Not Yawning
2024-12-11 22:41:07,0.15,0.26,93.45,46.67,0,No Fatigue,0.18,Not Yawning
2024-12-11 22:41:08,0.23,0.28,94.82,43.33,0,No Fatigue,0.18,Not Yawning
2024-12-11 22:41:09,N/A,0.0,N/A,N/A,N/A,No Face Detected,N/A,N/A
2024-12-11 22:41:10,N/A,0.0,N/A,N/A,N/A,No Face Detected,N/A,N/A
2024-12-11 22:41:11,N/A,0.0,N/A,N/A,N/A,No Face Detected,N/A,N/A
2024-12-11 22:41:12,0.19,0.26,90.0,56.67,0,No Fatigue,0.17,Not Yawning
2024-12-11 22:41:14,0.37,0.24,105.09,53.33,0,No Fatigue,0.17,Not Yawning
2024-12-11 22:41:15,0.32,0.28,96.97,46.67,0,No Fatigue,0.13,Not Yawning
2024-12-11 22:41:16,0.16,0.23,94.18,53.33,0,No Fatigue,0.16,Not Yawning
2024-12-11 22:41:25,0.31,0.28,100.81,50.0,0,No Fatigue,0.19,Not Yawning
2024-12-11 22:41:26,0.25,0.27,90.0,46.67,0,No Fatigue,0.15,Not Yawning
2024-12-11 22:41:27,0.25,0.3,92.17,43.33,0,No Fatigue,0.22,Not Yawning
2024-12-11 22:41:29,0.24,0.37,86.99,43.33,0,No Fatigue,0.15,Not Yawning
2024-12-11 22:41:30,0.25,0.32,91.88,46.67,0,No Fatigue,0.22,Not Yawning
2024-12-11 22:41:31,0.11,0.35,94.4,43.33,0,No Fatigue,0.17,Not Yawning
2024-12-11 22:41:32,0.25,0.29,87.61,36.67,0,No Fatigue,0.16,Not Yawning
2024-12-11 22:41:33,0.27,0.33,87.65,33.33,0,No Fatigue,0.14,Not Yawning
2024-12-11 22:41:34,0.14,0.27,88.47,43.33,0,No Fatigue,0.16,Not Yawning
2024-12-11 22:41:35,0.24,0.37,90.71,36.67,0,No Fatigue,0.18,Not Yawning
2024-12-11 22:41:36,0.2,0.32,97.03,40.0,0,No Fatigue,0.16,Not Yawning
2024-12-11 22:41:37,0.28,0.36,89.37,40.0,0,No Fatigue,0.14,Not Yawning
2024-12-11 22:41:38,0.19,0.27,90.67,40.0,0,No Fatigue,0.12,Not Yawning
2024-12-11 22:41:39,0.29,0.4,89.23,40.0,0,No Fatigue,0.11,Not Yawning
2024-12-11 22:41:40,0.27,0.38,93.01,36.67,0,No Fatigue,0.11,Not Yawning
2024-12-11 22:41:42,0.26,0.39,93.87,33.33,0,No Fatigue,0.13,Not Yawning
2024-12-11 22:41:43,0.27,0.37,93.81,30.0,0,No Fatigue,0.11,Not Yawning
2024-12-11 22:41:44,0.28,0.38,93.05,26.67,0,No Fatigue,0.12,Not Yawning
2024-12-11 22:41:45,0.28,0.39,93.81,20.0,0,No Fatigue,0.13,Not Yawning
2024-12-11 22:41:46,0.26,0.31,92.94,16.67,0,No Fatigue,0.15,Not Yawning
2024-12-11 22:41:48,0.28,0.31,94.09,10.0,0,No Fatigue,0.1,Not Yawning
2024-12-11 22:41:49,0.35,0.36,91.49,10.0,0,No Fatigue,0.1,Not Yawning
2024-12-11 22:41:50,0.35,0.38,92.2,3.33,0,No Fatigue,0.14,Not Yawning
2024-12-11 22:41:51,0.28,0.32,90.0,3.33,0,No Fatigue,0.13,Not Yawning
2024-12-11 22:41:52,0.33,0.38,89.26,3.33,0,No Fatigue,0.11,Not Yawning
2024-12-11 22:41:54,0.28,0.38,90.0,3.33,0,No Fatigue,0.11,Not Yawning
2024-12-11 22:41:55,0.25,0.36,92.94,3.33,0,No Fatigue,0.17,Not Yawning
2024-12-11 22:41:56,0.2,0.29,92.07,6.67,0,No Fatigue,0.16,Not Yawning
2024-12-11 22:41:57,0.25,0.3,90.73,10.0,0,No Fatigue,0.15,Not Yawning
2024-12-11 22:41:58,0.26,0.29,90.0,6.67,0,No Fatigue,0.16,Not Yawning
2024-12-11 22:42:00,0.25,0.29,90.74,6.67,0,No Fatigue,0.18,Not Yawning
2024-12-11 22:42:01,0.28,0.27,90.0,6.67,0,No Fatigue,0.17,Not Yawning
2024-12-11 22:42:02,0.16,0.26,96.93,10.0,0,No Fatigue,0.14,Not Yawning
2024-12-11 22:42:03,0.19,0.3,98.81,16.67,0,No Fatigue,0.17,Not Yawning
2024-12-11 22:42:04,0.21,0.27,100.38,26.67,0,No Fatigue,0.2,Not Yawning
2024-12-11 22:42:05,0.31,0.27,97.21,30.0,0,No Fatigue,0.19,Not Yawning
2024-12-11 22:42:07,0.26,0.2,97.93,33.33,0,No Fatigue,0.13,Not Yawning
2024-12-11 22:42:08,0.23,0.15,90.0,33.33,0,No Fatigue,0.16,Not Yawning
2024-12-11 22:42:09,0.27,0.29,91.38,36.67,0,No Fatigue,0.14,Not Yawning
2024-12-11 22:42:10,0.09,0.31,95.48,46.67,0,No Fatigue,0.15,Not Yawning
2024-12-11 22:42:11,0.21,0.27,93.27,50.0,0,No Fatigue,0.14,Not Yawning
2024-12-11 22:42:12,0.11,0.26,94.83,56.67,0,No Fatigue,0.16,Not Yawning
2024-12-11 22:42:13,0.27,0.27,102.3,60.0,0,No Fatigue,0.14,Not Yawning
2024-12-11 22:42:15,0.14,0.3,103.9,60.0,0,No Fatigue,0.16,Not Yawning
2024-12-11 22:42:16,0.26,0.33,96.14,53.33,0,No Fatigue,0.18,Not Yawning
2024-12-11 22:42:17,0.25,0.3,98.47,53.33,0,No Fatigue,0.15,Not Yawning
2024-12-11 22:42:18,0.18,0.25,97.13,56.67,0,No Fatigue,0.2,Not Yawning
2024-12-11 22:42:19,0.26,0.3,100.12,50.0,0,No Fatigue,0.17,Not Yawning
2024-12-11 22:42:20,0.26,0.23,95.71,46.67,0,No Fatigue,0.17,Not Yawning
2024-12-11 22:42:21,0.25,0.27,97.29,40.0,0,No Fatigue,0.18,Not Yawning
2024-12-11 22:42:22,0.2,0.16,101.17,43.33,0,No Fatigue,0.13,Not Yawning
2024-12-11 22:42:55,0.19,0.25,96.79,46.67,0,No Fatigue,0.18,Not Yawning
2024-12-11 22:42:57,0.27,0.22,87.34,36.67,0,No Fatigue,0.14,Not Yawning
2024-12-11 22:42:58,0.26,0.24,88.6,33.33,0,No Fatigue,0.16,Not Yawning
2024-12-11 22:42:59,0.12,0.25,92.97,30.0,0,No Fatigue,0.14,Not Yawning
2024-12-11 22:43:00,0.26,0.23,93.05,36.67,0,No Fatigue,0.15,Not Yawning
2024-12-11 22:43:01,0.24,0.37,88.62,36.67,0,No Fatigue,0.13,Not Yawning
2024-12-11 22:43:02,0.29,0.34,91.57,33.33,0,No Fatigue,0.12,Not Yawning
2024-12-11 22:43:03,0.3,0.31,91.59,33.33,0,No Fatigue,0.11,Not Yawning
2024-12-11 22:43:05,0.29,0.31,91.59,30.0,0,No Fatigue,0.18,Not Yawning
2024-12-11 22:43:06,0.25,0.32,93.01,26.67,0,No Fatigue,0.14,Not Yawning
2024-12-11 22:43:07,0.28,0.27,91.51,16.67,0,No Fatigue,0.11,Not Yawning
2024-12-11 22:43:08,0.25,0.33,86.86,16.67,0,No Fatigue,0.13,Not Yawning
2024-12-11 22:43:09,0.26,0.36,90.0,16.67,0,No Fatigue,0.12,Not Yawning
2024-12-11 22:43:10,0.31,0.35,90.77,13.33,0,No Fatigue,0.1,Not Yawning
2024-12-11 22:43:11,0.25,0.35,90.8,6.67,0,No Fatigue,0.11,Not Yawning
2024-12-11 22:43:13,0.3,0.35,90.77,3.33,0,No Fatigue,0.1,Not Yawning
2024-12-11 22:43:14,0.28,0.37,92.29,3.33,0,No Fatigue,0.1,Not Yawning
2024-12-11 22:43:15,0.28,0.37,92.35,3.33,0,No Fatigue,0.11,Not Yawning
2024-12-11 22:43:16,0.28,0.36,91.57,3.33,0,No Fatigue,0.11,Not Yawning
2024-12-11 22:43:17,0.26,0.36,92.35,10.0,0,No Fatigue,0.12,Not Yawning
2024-12-11 22:43:18,0.28,0.22,98.69,10.0,0,No Fatigue,0.15,Not Yawning
2024-12-11 22:43:19,0.3,0.17,88.43,10.0,0,No Fatigue,0.16,Not Yawning
2024-12-11 22:43:21,0.29,0.24,91.59,13.33,0,No Fatigue,0.16,Not Yawning
2024-12-11 22:43:22,0.29,0.22,92.35,13.33,0,No Fatigue,0.14,Not Yawning
2024-12-11 22:43:23,0.3,0.24,91.59,13.33,0,No Fatigue,0.13,Not Yawning
2024-12-11 22:43:24,0.3,0.22,90.8,13.33,0,No Fatigue,0.14,Not Yawning
2024-12-11 22:43:25,0.23,0.23,90.78,20.0,0,No Fatigue,0.13,Not Yawning
2024-12-11 22:43:26,0.27,0.24,90.81,20.0,0,No Fatigue,0.14,Not Yawning
2024-12-11 22:43:27,0.26,0.22,95.55,20.0,0,No Fatigue,0.15,Not Yawning
2024-12-11 22:43:28,0.28,0.23,91.59,16.67,0,No Fatigue,0.14,Not Yawning
2024-12-11 22:43:29,0.28,0.24,93.18,13.33,0,No Fatigue,0.16,Not Yawning
2024-12-11 22:43:30,0.15,0.25,90.81,20.0,0,No Fatigue,0.16,Not Yawning
2024-12-11 22:43:32,0.33,0.27,85.17,16.67,0,No Fatigue,0.16,Not Yawning
2024-12-11 22:43:33,0.28,0.29,86.12,13.33,0,No Fatigue,0.27,Not Yawning
2024-12-11 22:43:34,0.27,0.37,90.82,16.67,0,No Fatigue,0.22,Not Yawning
2024-12-11 22:43:35,0.26,0.34,90.0,23.33,0,No Fatigue,0.13,Not Yawning
2024-12-11 22:43:36,0.32,0.29,93.63,20.0,0,No Fatigue,0.16,Not Yawning
2024-12-11 22:43:37,0.31,0.31,90.82,20.0,0,No Fatigue,0.15,Not Yawning
2024-12-11 22:43:39,0.13,0.29,90.86,26.67,0,No Fatigue,0.13,Not Yawning
2024-12-11 22:43:40,0.22,0.35,88.47,33.33,0,No Fatigue,0.12,Not Yawning
2024-12-11 22:43:41,0.31,0.35,89.24,36.67,0,No Fatigue,0.11,Not Yawning
2024-12-11 22:43:42,0.26,0.34,90.77,33.33,0,No Fatigue,0.19,Not Yawning
2024-12-11 22:43:43,0.3,0.37,90.76,30.0,0,No Fatigue,0.12,Not Yawning
2024-12-11 22:43:44,0.27,0.41,91.55,33.33,0,No Fatigue,0.12,Not Yawning
2024-12-11 22:43:46,0.28,0.38,91.55,33.33,0,No Fatigue,0.12,Not Yawning
2024-12-11 22:43:47,0.29,0.37,95.4,26.67,0,No Fatigue,0.13,Not Yawning
2024-12-11 22:43:48,0.29,0.38,94.64,26.67,0,No Fatigue,0.12,Not Yawning
2024-12-11 22:43:49,0.29,0.37,94.64,23.33,0,No Fatigue,0.11,Not Yawning
2024-12-11 22:43:50,0.28,0.36,95.33,16.67,0,No Fatigue,0.12,Not Yawning
2024-12-11 22:43:51,0.29,0.38,94.57,13.33,0,No Fatigue,0.11,Not Yawning
2024-12-11 22:43:53,0.29,0.38,93.81,10.0,0,No Fatigue,0.11,Not Yawning
2024-12-11 22:43:54,0.27,0.36,94.57,10.0,0,No Fatigue,0.18,Not Yawning
2024-12-11 22:43:55,0.33,0.35,93.97,10.0,0,No Fatigue,0.11,Not Yawning
2024-12-11 22:43:56,0.28,0.34,91.59,6.67,0,No Fatigue,0.13,Not Yawning
2024-12-11 22:43:57,0.29,0.37,92.32,3.33,0,No Fatigue,0.13,Not Yawning
2024-12-11 22:43:58,0.33,0.35,91.57,3.33,0,No Fatigue,0.13,Not Yawning
2024-12-11 22:43:59,0.3,0.34,92.35,3.33,0,No Fatigue,0.13,Not Yawning
2024-12-11 22:44:00,0.29,0.34,93.72,3.33,0,No Fatigue,0.17,Not Yawning
2024-12-11 22:44:01,0.28,0.27,95.02,3.33,0,No Fatigue,0.14,Not Yawning
2024-12-11 22:44:03,0.26,0.28,94.04,0.0,0,No Fatigue,0.15,Not Yawning
2024-12-11 22:44:04,0.29,0.31,94.04,0.0,0,No Fatigue,0.15,Not Yawning
2024-12-11 22:44:05,0.26,0.29,92.73,0.0,0,No Fatigue,0.16,Not Yawning
2024-12-11 22:44:06,0.26,0.45,97.96,0.0,0,No Fatigue,0.15,Not Yawning
2024-12-11 22:44:07,N/A,0.0,N/A,N/A,N/A,No Face Detected,N/A,N/A
2024-12-11 22:44:08,0.2,0.22,101.16,6.67,0,No Fatigue,0.11,Not Yawning
2024-12-11 22:44:10,N/A,0.0,N/A,N/A,N/A,No Face Detected,N/A,N/A
2024-12-11 22:44:11,0.3,0.22,101.17,6.67,0,No Fatigue,0.15,Not Yawning
2024-12-11 22:44:12,0.29,0.24,99.81,6.67,0,No Fatigue,0.14,Not Yawning
2024-12-11 22:44:13,0.24,0.26,98.75,13.33,0,No Fatigue,0.18,Not Yawning
2024-12-11 22:44:14,0.2,0.25,102.45,16.67,0,No Fatigue,0.14,Not Yawning
2024-12-11 22:44:15,0.21,0.25,103.67,26.67,0,No Fatigue,0.14,Not Yawning
2024-12-11 22:44:16,0.19,0.26,102.94,36.67,0,No Fatigue,0.16,Not Yawning
2024-12-11 22:44:53,0.19,0.28,92.94,43.33,0,No Fatigue,0.16,Not Yawning
2024-12-11 22:44:55,0.27,0.25,86.73,43.33,0,No Fatigue,0.17,Not Yawning
2024-12-11 22:44:56,0.15,0.24,89.19,50.0,0,No Fatigue,0.18,Not Yawning
2024-12-11 22:44:57,0.25,0.26,90.74,53.33,0,No Fatigue,0.18,Not Yawning
2024-12-11 22:44:59,0.27,0.24,90.0,46.67,0,No Fatigue,0.17,Not Yawning
2024-12-11 22:45:00,0.26,0.27,92.23,46.67,0,No Fatigue,0.17,Not Yawning
2024-12-11 22:45:01,0.27,0.25,89.22,40.0,0,No Fatigue,0.15,Not Yawning
2024-12-11 22:45:02,0.28,0.25,91.55,40.0,0,No Fatigue,0.18,Not Yawning
2024-12-11 22:45:04,0.23,0.23,90.0,36.67,0,No Fatigue,0.17,Not Yawning
2024-12-11 22:45:05,0.23,0.25,91.64,33.33,0,No Fatigue,0.18,Not Yawning
2024-12-11 22:45:06,0.24,0.25,91.64,30.0,0,No Fatigue,0.18,Not Yawning
2024-12-11 22:45:07,0.23,0.26,91.68,26.67,0,No Fatigue,0.18,Not Yawning
2024-12-11 22:45:08,0.22,0.24,92.49,30.0,0,No Fatigue,0.17,Not Yawning
2024-12-11 22:45:09,0.24,0.25,93.22,30.0,0,No Fatigue,0.15,Not Yawning
2024-12-11 22:45:11,0.23,0.24,92.45,33.33,0,No Fatigue,0.15,Not Yawning
2024-12-11 22:45:12,0.25,0.23,90.83,36.67,0,No Fatigue,0.16,Not Yawning
2024-12-11 22:45:14,0.25,0.35,91.53,40.0,0,No Fatigue,0.14,Not Yawning
2024-12-11 22:45:15,0.25,0.27,91.61,26.67,0,No Fatigue,0.16,Not Yawning
2024-12-11 22:45:16,0.25,0.26,90.0,26.67,0,No Fatigue,0.16,Not Yawning
2024-12-11 22:45:17,0.21,0.56,87.24,26.67,1,No Fatigue,0.1,Yawning
2024-12-11 22:45:19,0.26,0.54,90.0,26.67,2,No Fatigue,0.05,Not Yawning
2024-12-11 22:45:20,0.21,0.61,90.64,30.0,4,No Fatigue,0.07,Not Yawning
2024-12-11 22:45:21,0.22,0.64,91.87,43.33,6,No Fatigue,0.09,Yawning
2024-12-11 22:45:22,0.2,0.77,86.31,50.0,8,No Fatigue,0.09,Yawning
2024-12-11 22:45:23,0.18,0.8,90.0,53.33,9,No Fatigue,0.11,Yawning
2024-12-11 22:45:24,0.17,0.78,89.34,63.33,10,No Fatigue,0.11,Yawning
2024-12-11 22:45:26,0.16,0.23,85.16,73.33,10,No Fatigue,0.11,Not Yawning
2024-12-11 22:45:27,0.22,0.72,90.67,83.33,10,Fatigue Detected,0.11,Yawning
2024-12-11 22:45:28,0.24,0.25,90.76,86.67,10,No Fatigue,0.15,Not Yawning
2024-12-11 22:45:29,0.32,0.23,90.76,90.0,10,No Fatigue,0.16,Not Yawning
2024-12-11 22:45:30,0.31,0.23,92.29,80.0,10,No Fatigue,0.16,Not Yawning
2024-12-11 22:45:32,0.32,0.23,93.09,70.0,10,No Fatigue,0.16,Not Yawning
2024-12-11 22:45:33,0.28,0.25,95.48,60.0,10,No Fatigue,0.15,Not Yawning
2024-12-11 22:45:34,0.28,0.25,93.81,50.0,10,No Fatigue,0.17,Not Yawning
2024-12-11 22:45:35,0.28,0.25,93.87,36.67,10,No Fatigue,0.17,Not Yawning
2024-12-11 22:45:36,0.32,0.25,92.35,23.33,10,No Fatigue,0.17,Not Yawning
2024-12-11 22:45:38,0.29,0.25,94.83,10.0,10,No Fatigue,0.17,Not Yawning
2024-12-11 22:45:39,0.25,0.24,93.27,6.67,10,No Fatigue,0.17,Not Yawning
2024-12-11 22:45:40,0.28,0.23,93.92,6.67,10,No Fatigue,0.17,Not Yawning
2024-12-11 22:45:41,0.29,0.26,94.03,3.33,10,No Fatigue,0.17,Not Yawning
2024-12-11 22:45:43,0.29,0.27,93.22,3.33,10,No Fatigue,0.17,Not Yawning
2024-12-11 22:45:44,0.3,0.26,93.18,3.33,10,No Fatigue,0.18,Not Yawning
2024-12-11 22:45:45,0.28,0.27,93.18,3.33,10,No Fatigue,0.18,Not Yawning
2024-12-11 22:45:46,0.25,0.28,93.62,6.67,10,No Fatigue,0.18,Not Yawning
2024-12-11 22:45:47,0.26,0.28,94.34,6.67,10,No Fatigue,0.18,Not Yawning
2024-12-11 22:45:48,0.27,0.25,93.67,6.67,10,No Fatigue,0.18,Not Yawning
2024-12-11 22:45:49,0.26,0.28,94.34,10.0,10,No Fatigue,0.19,Not Yawning
2024-12-11 22:45:50,0.26,0.3,93.58,6.67,10,No Fatigue,0.19,Not Yawning
2024-12-11 22:45:51,0.28,0.29,94.34,6.67,10,No Fatigue,0.18,Not Yawning
2024-12-11 22:45:53,0.29,0.27,92.45,6.67,10,No Fatigue,0.16,Not Yawning
2024-12-11 22:45:54,0.29,0.27,93.22,6.67,10,No Fatigue,0.15,Not Yawning
2024-12-11 22:45:55,0.28,0.27,93.18,6.67,10,No Fatigue,0.14,Not Yawning
2024-12-11 22:45:57,0.24,0.25,92.42,10.0,10,No Fatigue,0.16,Not Yawning
2024-12-11 22:45:58,0.28,0.27,93.92,10.0,10,No Fatigue,0.14,Not Yawning
2024-12-11 22:45:59,0.29,0.26,93.97,10.0,10,No Fatigue,0.13,Not Yawning
2024-12-11 22:46:00,0.29,0.28,93.14,10.0,10,No Fatigue,0.13,Not Yawning
2024-12-11 22:46:01,0.31,0.25,93.09,6.67,10,No Fatigue,0.16,Not Yawning
2024-12-11 22:46:03,0.29,0.27,94.76,6.67,10,No Fatigue,0.16,Not Yawning
2024-12-11 22:46:04,0.3,0.27,93.92,6.67,10,No Fatigue,0.15,Not Yawning
2024-12-11 22:46:05,0.23,0.26,94.83,10.0,10,No Fatigue,0.16,Not Yawning
2024-12-11 22:46:06,0.27,0.25,94.09,10.0,10,No Fatigue,0.16,Not Yawning
2024-12-11 22:46:07,0.28,0.26,94.03,6.67,10,No Fatigue,0.15,Not Yawning
2024-12-11 22:46:08,0.27,0.27,94.09,6.67,10,No Fatigue,0.14,Not Yawning
2024-12-11 22:46:09,0.24,0.26,78.69,6.67,10,No Fatigue,0.25,Not Yawning
2024-12-11 22:46:11,N/A,0.0,N/A,N/A,N/A,No Face Detected,N/A,N/A
2024-12-11 22:46:12,0.3,0.24,81.03,6.67,10,No Fatigue,0.26,Not Yawning
2024-12-11 22:46:13,0.28,0.25,83.99,6.67,10,No Fatigue,0.27,Not Yawning
2024-12-11 22:46:14,0.28,0.25,80.38,6.67,10,No Fatigue,0.25,Not Yawning
2024-12-11 22:46:15,0.29,0.48,87.14,6.67,10,No Fatigue,0.23,Not Yawning
2024-12-11 22:46:16,0.21,0.25,89.13,10.0,10,No Fatigue,0.14,Not Yawning
2024-12-11 22:46:18,N/A,0.0,N/A,N/A,N/A,No Face Detected,N/A,N/A
2024-12-11 22:46:19,0.29,0.27,87.18,16.67,10,No Fatigue,0.17,Not Yawning
2024-12-11 22:46:24,0.2,0.26,97.31,20.0,5,No Fatigue,0.18,Not Yawning
2024-12-11 22:46:28,0.19,0.28,94.4,26.67,0,No Fatigue,0.18,Not Yawning
2024-12-11 22:46:29,0.11,0.27,92.17,36.67,0,No Fatigue,0.16,Not Yawning
2024-12-11 22:48:27,0.24,0.23,92.9,36.67,0,No Fatigue,0.2,Not Yawning
2024-12-11 22:48:30,0.32,0.26,86.68,36.67,0,No Fatigue,0.22,Not Yawning
2024-12-11 22:48:31,0.31,0.27,75.17,36.67,0,No Fatigue,0.21,Not Yawning
2024-12-11 22:48:32,0.25,0.24,83.39,40.0,0,No Fatigue,0.2,Not Yawning
2024-12-11 22:48:33,0.26,0.28,86.24,40.0,0,No Fatigue,0.2,Not Yawning
2024-12-11 22:48:34,0.23,0.23,85.86,43.33,0,No Fatigue,0.19,Not Yawning
2024-12-11 22:48:35,0.26,0.26,86.19,43.33,0,No Fatigue,0.18,Not Yawning
2024-12-11 22:48:36,0.28,0.26,86.24,36.67,0,No Fatigue,0.18,Not Yawning
2024-12-11 22:48:38,0.25,0.26,86.08,26.67,0,No Fatigue,0.18,Not Yawning
2024-12-11 22:48:39,0.24,0.22,85.67,16.67,0,No Fatigue,0.18,Not Yawning
2024-12-11 22:48:40,0.32,0.23,84.96,13.33,0,No Fatigue,0.22,Not Yawning
2024-12-11 22:48:41,0.25,0.26,80.25,13.33,0,No Fatigue,0.26,Not Yawning
2024-12-11 22:48:42,0.23,0.31,80.94,13.33,0,No Fatigue,0.22,Not Yawning
2024-12-11 22:48:43,0.27,0.48,98.37,20.0,0,No Fatigue,0.0,Mouth Covered
2024-12-11 22:48:44,0.18,0.3,85.73,26.67,0,No Fatigue,0.13,Not Yawning
2024-12-11 22:48:46,0.23,0.29,89.12,33.33,0,No Fatigue,0.15,Not Yawning
2024-12-11 22:48:47,0.22,0.33,91.55,46.67,0,No Fatigue,0.18,Not Yawning
2024-12-11 22:48:48,0.28,0.24,90.0,50.0,0,No Fatigue,0.17,Not Yawning
2024-12-11 22:48:49,0.26,0.31,89.1,50.0,0,No Fatigue,0.15,Not Yawning
2024-12-11 22:48:50,0.26,0.26,90.0,46.67,0,No Fatigue,0.17,Not Yawning
2024-12-11 22:48:51,0.17,0.29,90.0,46.67,0,No Fatigue,0.16,Not Yawning
2024-12-11 22:48:53,0.16,0.28,90.91,43.33,0,No Fatigue,0.18,Not Yawning
2024-12-11 22:48:54,N/A,0.0,N/A,N/A,N/A,No Face Detected,N/A,N/A
2024-12-11 22:48:55,0.28,0.27,92.56,36.67,0,No Fatigue,0.14,Not Yawning
2024-12-11 22:48:56,0.21,0.28,96.61,33.33,0,No Fatigue,0.18,Not Yawning
2024-12-11 22:49:47,0.24,0.26,95.51,33.33,0,No Fatigue,0.18,Not Yawning
2024-12-11 22:49:50,0.28,0.25,89.27,26.67,0,No Fatigue,0.17,Not Yawning
2024-12-11 22:49:51,0.22,0.25,90.0,20.0,0,No Fatigue,0.15,Not Yawning
2024-12-11 22:49:52,0.25,0.25,89.24,20.0,0,No Fatigue,0.18,Not Yawning
2024-12-11 22:49:56,0.22,0.27,92.97,23.33,0,No Fatigue,0.17,Not Yawning
2024-12-11 22:49:57,0.26,0.25,88.47,26.67,0,No Fatigue,0.16,Not Yawning
2024-12-11 22:49:59,0.25,0.25,90.74,26.67,0,No Fatigue,0.17,Not Yawning
2024-12-11 22:50:00,0.25,0.25,91.49,26.67,0,No Fatigue,0.17,Not Yawning
2024-12-11 22:50:02,0.23,0.25,91.49,26.67,0,No Fatigue,0.15,Not Yawning
2024-12-11 22:50:03,0.16,0.25,91.49,26.67,0,No Fatigue,0.15,Not Yawning
2024-12-11 22:50:04,0.25,0.25,92.32,30.0,0,No Fatigue,0.16,Not Yawning
2024-12-11 22:50:05,0.26,0.25,90.75,20.0,0,No Fatigue,0.16,Not Yawning
2024-12-11 22:50:06,0.25,0.26,91.51,20.0,0,No Fatigue,0.15,Not Yawning
2024-12-11 22:50:07,0.25,0.26,92.26,20.0,0,No Fatigue,0.15,Not Yawning
2024-12-11 22:50:08,0.22,0.26,91.49,20.0,0,No Fatigue,0.15,Not Yawning
2024-12-11 22:50:09,0.27,0.25,93.76,16.67,0,No Fatigue,0.16,Not Yawning
2024-12-11 22:50:11,0.25,0.25,90.75,16.67,0,No Fatigue,0.15,Not Yawning
2024-12-11 22:50:12,0.14,0.23,91.53,16.67,0,No Fatigue,0.16,Not Yawning
2024-12-11 22:50:13,0.25,0.26,90.75,13.33,0,No Fatigue,0.15,Not Yawning
2024-12-11 22:50:14,0.24,0.34,85.24,20.0,0,No Fatigue,0.19,Not Yawning
2024-12-11 22:50:16,0.28,0.24,80.25,20.0,0,No Fatigue,0.23,Not Yawning
2024-12-11 22:50:17,0.19,0.23,83.35,20.0,0,No Fatigue,0.2,Not Yawning
2024-12-11 22:50:18,0.26,0.23,87.27,20.0,0,No Fatigue,0.2,Not Yawning
2024-12-11 22:50:19,0.27,0.25,84.73,20.0,0,No Fatigue,0.19,Not Yawning
2024-12-11 22:50:20,0.23,0.47,90.7,20.0,0,No Fatigue,0.0,Mouth Covered
2024-12-11 22:50:21,0.25,0.26,91.57,20.0,0,No Fatigue,0.14,Not Yawning
2024-12-11 22:50:22,0.22,0.25,89.19,23.33,0,No Fatigue,0.15,Not Yawning
2024-12-11 22:50:23,0.27,0.32,90.0,26.67,0,No Fatigue,0.16,Not Yawning
2024-12-11 22:50:24,0.27,0.26,92.45,23.33,0,No Fatigue,0.13,Not Yawning
2024-12-11 22:50:25,0.1,0.25,88.34,30.0,0,No Fatigue,0.15,Not Yawning
2024-12-11 22:50:26,N/A,0.0,N/A,N/A,N/A,No Face Detected,N/A,N/A
2024-12-11 22:50:27,0.26,0.25,95.26,26.67,0,No Fatigue,0.14,Not Yawning
2024-12-11 22:50:28,0.24,0.25,94.09,26.67,0,No Fatigue,0.14,Not Yawning
2024-12-11 22:50:30,0.24,0.27,93.37,26.67,0,No Fatigue,0.16,Not Yawning
2024-12-11 22:50:31,0.27,0.26,92.57,26.67,0,No Fatigue,0.15,Not Yawning
2024-12-11 22:50:32,0.27,0.26,93.9,20.0,0,No Fatigue,0.18,Not Yawning
2024-12-11 22:50:33,0.24,0.27,93.29,20.0,0,No Fatigue,0.17,Not Yawning
2024-12-11 22:50:35,0.26,0.25,91.93,13.33,0,No Fatigue,0.16,Not Yawning
2024-12-11 22:50:36,0.25,0.29,92.54,13.33,0,No Fatigue,0.17,Not Yawning
2024-12-11 22:50:37,0.25,0.28,92.69,10.0,0,No Fatigue,0.18,Not Yawning
2024-12-11 22:50:38,0.25,0.3,90.66,13.33,0,No Fatigue,0.16,Not Yawning
2024-12-11 22:50:39,0.28,0.58,89.41,13.33,1,No Fatigue,0.0,Mouth Covered
2024-12-11 22:50:41,0.26,0.32,90.0,10.0,1,No Fatigue,0.12,Not Yawning
2024-12-11 22:50:42,0.24,0.25,90.61,10.0,1,No Fatigue,0.13,Not Yawning
2024-12-11 22:50:43,0.25,0.31,90.0,10.0,1,No Fatigue,0.16,Not Yawning
2024-12-11 22:50:44,0.24,0.3,90.64,6.67,1,No Fatigue,0.19,Not Yawning
2024-12-11 22:50:46,0.26,0.3,90.66,6.67,1,No Fatigue,0.19,Not Yawning
2024-12-11 22:50:47,0.25,0.29,89.33,3.33,1,No Fatigue,0.18,Not Yawning
2024-12-11 22:50:48,0.24,0.31,90.66,3.33,1,No Fatigue,0.18,Not Yawning
2024-12-11 22:50:49,0.24,0.32,90.66,3.33,1,No Fatigue,0.19,Not Yawning
2024-12-11 22:50:50,0.26,0.34,91.33,0.0,1,No Fatigue,0.21,Not Yawning
2024-12-11 22:50:52,0.16,0.36,90.64,3.33,1,No Fatigue,0.22,Not Yawning
2024-12-11 22:52:05,0.21,0.29,92.9,6.67,0,No Fatigue,0.2,Not Yawning
2024-12-11 22:52:07,0.28,0.27,83.09,6.67,0,No Fatigue,0.18,Not Yawning
2024-12-11 22:52:08,0.24,0.26,88.29,10.0,0,No Fatigue,0.17,Not Yawning
2024-12-11 22:52:09,0.23,0.28,88.39,10.0,0,No Fatigue,0.18,Not Yawning
2024-12-11 22:52:10,0.22,0.32,86.03,13.33,0,No Fatigue,0.15,Not Yawning
2024-12-11 22:52:12,0.28,0.26,84.96,13.33,0,No Fatigue,0.17,Not Yawning
2024-12-11 22:52:13,0.25,0.25,86.37,13.33,0,No Fatigue,0.16,Not Yawning
2024-12-11 22:52:14,0.26,0.26,90.0,13.33,0,No Fatigue,0.16,Not Yawning
2024-12-11 22:52:16,0.23,0.26,87.58,16.67,0,No Fatigue,0.16,Not Yawning
2024-12-11 22:52:23,0.21,0.28,92.6,20.0,0,No Fatigue,0.2,Not Yawning
2024-12-11 22:52:48,0.21,0.28,90.87,20.0,0,No Fatigue,0.2,Not Yawning
2024-12-11 22:52:51,0.29,0.28,89.14,23.33,0,No Fatigue,0.19,Not Yawning
2024-12-11 22:52:52,0.13,0.27,89.13,23.33,0,No Fatigue,0.17,Not Yawning
2024-12-11 22:52:53,0.25,0.28,88.26,23.33,0,No Fatigue,0.2,Not Yawning
2024-12-11 22:52:54,0.24,0.28,88.29,26.67,0,No Fatigue,0.18,Not Yawning
2024-12-11 22:52:55,0.26,0.28,88.26,26.67,0,No Fatigue,0.16,Not Yawning
2024-12-11 22:52:56,0.21,0.27,89.13,33.33,0,No Fatigue,0.17,Not Yawning
2024-12-11 22:53:04,0.26,0.27,90.86,36.67,0,No Fatigue,0.17,Not Yawning
2024-12-11 22:53:06,0.27,0.26,88.26,36.67,0,No Fatigue,0.17,Not Yawning
2024-12-11 22:53:07,0.27,0.28,89.14,36.67,0,No Fatigue,0.19,Not Yawning
2024-12-11 22:53:08,0.27,0.28,90.0,33.33,0,No Fatigue,0.19,Not Yawning
2024-12-11 22:53:09,0.23,0.28,89.13,23.33,0,No Fatigue,0.18,Not Yawning
2024-12-11 22:53:10,0.27,0.26,90.0,20.0,0,No Fatigue,0.18,Not Yawning
2024-12-11 22:53:12,0.21,0.28,89.14,20.0,0,No Fatigue,0.18,Not Yawning
2024-12-11 22:53:13,0.25,0.27,90.0,20.0,0,No Fatigue,0.17,Not Yawning
2024-12-11 22:53:14,0.25,0.28,89.13,23.33,0,No Fatigue,0.17,Not Yawning
2024-12-11 22:53:15,0.25,0.28,90.0,20.0,0,No Fatigue,0.18,Not Yawning
2024-12-11 22:53:17,0.23,0.28,90.0,20.0,0,No Fatigue,0.17,Not Yawning
2024-12-11 22:53:18,0.26,0.29,88.29,20.0,0,No Fatigue,0.18,Not Yawning
2024-12-11 22:53:19,0.17,0.3,90.0,20.0,0,No Fatigue,0.18,Not Yawning
2024-12-11 22:53:20,0.3,0.26,89.12,20.0,0,No Fatigue,0.18,Not Yawning
2024-12-11 22:53:21,0.28,0.26,90.0,20.0,0,No Fatigue,0.18,Not Yawning
2024-12-11 22:53:23,0.22,0.26,88.26,20.0,0,No Fatigue,0.18,Not Yawning
2024-12-11 22:53:24,0.26,0.26,89.13,13.33,0,No Fatigue,0.18,Not Yawning
2024-12-11 22:53:25,0.27,0.29,90.0,10.0,0,No Fatigue,0.15,Not Yawning
2024-12-11 22:53:26,0.26,0.28,89.13,10.0,0,No Fatigue,0.17,Not Yawning
2024-12-11 22:53:53,0.26,0.28,91.68,10.0,0,No Fatigue,0.18,Not Yawning
2024-12-11 22:53:55,0.27,0.28,86.53,10.0,0,No Fatigue,0.18,Not Yawning
2024-12-11 22:53:56,0.27,0.28,88.29,10.0,0,No Fatigue,0.17,Not Yawning
2024-12-11 22:53:57,0.28,0.28,89.13,10.0,0,No Fatigue,0.18,Not Yawning
2024-12-11 22:53:59,0.26,0.38,85.67,10.0,0,No Fatigue,0.0,Mouth Covered
2024-12-11 22:54:00,0.26,0.31,86.53,10.0,0,No Fatigue,0.2,Not Yawning
2024-12-11 22:54:01,0.28,0.27,89.23,6.67,0,No Fatigue,0.14,Not Yawning
2024-12-11 22:54:02,0.28,0.23,88.26,6.67,0,No Fatigue,0.15,Not Yawning
2024-12-11 22:54:03,0.27,0.24,87.4,10.0,0,No Fatigue,0.16,Not Yawning
2024-12-11 22:54:04,0.26,0.25,89.13,10.0,0,No Fatigue,0.16,Not Yawning
2024-12-11 22:54:05,0.29,0.24,88.26,10.0,0,No Fatigue,0.16,Not Yawning
2024-12-11 22:54:06,0.26,0.26,89.13,13.33,0,No Fatigue,0.18,Not Yawning
2024-12-11 22:54:08,0.24,0.26,88.24,10.0,0,No Fatigue,0.16,Not Yawning
2024-12-11 22:54:09,0.17,0.28,88.26,13.33,0,No Fatigue,0.17,Not Yawning
2024-12-11 22:54:10,0.22,0.36,86.58,16.67,0,No Fatigue,0.16,Not Yawning
2024-12-11 22:54:11,0.2,0.28,94.33,26.67,0,No Fatigue,0.18,Not Yawning
2024-12-11 22:54:12,0.23,0.26,88.21,26.67,0,No Fatigue,0.17,Not Yawning
2024-12-11 22:54:14,0.24,0.27,89.1,26.67,0,No Fatigue,0.17,Not Yawning
2024-12-11 22:54:15,0.21,0.28,90.9,33.33,0,No Fatigue,0.18,Not Yawning
2024-12-11 22:54:16,0.14,0.26,90.9,40.0,0,No Fatigue,0.19,Not Yawning
2024-12-11 22:54:17,0.24,0.27,90.9,43.33,0,No Fatigue,0.16,Not Yawning
2024-12-11 22:55:12,0.23,0.21,92.73,50.0,0,No Fatigue,0.16,Not Yawning
2024-12-11 22:55:13,0.21,0.29,90.0,56.67,0,No Fatigue,0.15,Not Yawning
2024-12-11 22:55:15,0.24,0.25,93.47,56.67,0,No Fatigue,0.16,Not Yawning
2024-12-11 22:55:16,0.22,0.2,96.15,63.33,0,No Fatigue,0.17,Not Yawning
2024-12-11 22:55:17,0.25,0.27,91.79,56.67,0,No Fatigue,0.17,Not Yawning
2024-12-11 22:55:18,0.26,0.27,89.12,56.67,0,No Fatigue,0.17,Not Yawning
2024-12-11 22:55:19,0.26,0.27,91.76,53.33,0,No Fatigue,0.19,Not Yawning
2024-12-11 22:55:20,0.24,0.27,90.88,50.0,0,No Fatigue,0.19,Not Yawning
2024-12-11 22:55:21,0.25,0.27,91.79,40.0,0,No Fatigue,0.18,Not Yawning
2024-12-11 22:55:22,0.25,0.25,90.91,33.33,0,No Fatigue,0.19,Not Yawning
2024-12-11 22:55:24,0.15,0.28,92.73,26.67,0,No Fatigue,0.19,Not Yawning
2024-12-11 22:55:25,0.24,0.28,92.77,23.33,0,No Fatigue,0.19,Not Yawning
2024-12-11 22:55:26,0.24,0.25,94.61,26.67,0,No Fatigue,0.17,Not Yawning
2024-12-11 22:55:27,0.29,0.26,92.68,23.33,0,No Fatigue,0.17,Not Yawning
2024-12-11 22:55:28,0.31,0.3,91.79,16.67,0,No Fatigue,0.19,Not Yawning
2024-12-11 22:55:30,0.2,0.28,92.64,23.33,0,No Fatigue,0.18,Not Yawning
2024-12-11 22:56:03,0.29,0.32,87.47,23.33,0,No Fatigue,0.21,Not Yawning
2024-12-11 22:56:06,0.27,0.3,88.29,23.33,0,No Fatigue,0.21,Not Yawning
2024-12-11 22:56:07,0.26,0.29,90.0,26.67,0,No Fatigue,0.2,Not Yawning
2024-12-11 22:56:08,0.25,0.31,89.14,26.67,0,No Fatigue,0.2,Not Yawning
2024-12-11 22:56:09,0.28,0.31,90.0,26.67,0,No Fatigue,0.2,Not Yawning
2024-12-11 22:56:11,0.29,0.29,88.24,20.0,0,No Fatigue,0.18,Not Yawning
2024-12-11 22:56:12,0.27,0.29,89.16,13.33,0,No Fatigue,0.18,Not Yawning
2024-12-11 22:56:13,0.29,0.31,89.13,13.33,0,No Fatigue,0.19,Not Yawning
2024-12-11 22:56:14,0.29,0.29,89.12,10.0,0,No Fatigue,0.17,Not Yawning
2024-12-11 22:56:15,0.3,0.29,89.12,10.0,0,No Fatigue,0.18,Not Yawning
2024-12-11 22:56:16,0.31,0.31,89.12,6.67,0,No Fatigue,0.18,Not Yawning
2024-12-11 22:56:18,0.2,0.33,88.24,13.33,0,No Fatigue,0.16,Not Yawning
2024-12-11 22:56:19,0.3,0.31,77.77,16.67,0,No Fatigue,0.25,Not Yawning
2024-12-11 22:56:20,0.36,0.29,83.99,16.67,0,No Fatigue,0.22,Not Yawning
2024-12-11 22:56:21,0.27,0.26,71.26,16.67,0,No Fatigue,0.18,Not Yawning
2024-12-11 22:56:22,0.29,0.3,68.39,13.33,0,No Fatigue,0.21,Not Yawning
2024-12-11 22:56:28,0.26,0.32,87.47,20.0,0,No Fatigue,0.19,Not Yawning
2024-12-11 22:56:31,0.25,0.32,85.79,20.0,0,No Fatigue,0.18,Not Yawning
2024-12-11 22:56:32,0.27,0.31,88.32,16.67,0,No Fatigue,0.18,Not Yawning
2024-12-11 22:56:33,0.26,0.34,88.32,20.0,0,No Fatigue,0.19,Not Yawning
2024-12-11 22:56:34,0.24,0.33,88.32,16.67,0,No Fatigue,0.18,Not Yawning
2024-12-11 22:56:35,0.25,0.33,89.16,13.33,0,No Fatigue,0.21,Not Yawning
2024-12-11 22:56:36,0.22,0.31,89.14,20.0,0,No Fatigue,0.19,Not Yawning
2024-12-11 22:56:37,0.29,0.33,88.32,23.33,0,No Fatigue,0.18,Not Yawning
2024-12-11 22:56:39,0.25,0.24,88.32,23.33,0,No Fatigue,0.18,Not Yawning
2024-12-11 22:56:40,0.31,0.32,89.16,20.0,0,No Fatigue,0.18,Not Yawning
2024-12-11 22:56:41,0.29,0.31,86.86,20.0,1,No Fatigue,0.21,Not Yawning
2024-12-11 22:56:42,0.16,0.31,86.63,20.0,1,No Fatigue,0.12,Not Yawning
2024-12-11 22:56:43,0.22,0.27,86.58,26.67,1,No Fatigue,0.14,Not Yawning
2024-12-11 22:56:44,0.24,0.26,88.26,26.67,1,No Fatigue,0.18,Not Yawning
2024-12-11 22:56:46,0.22,0.45,87.06,23.33,1,No Fatigue,0.0,Mouth Covered
2024-12-11 22:56:47,0.21,0.28,88.24,30.0,1,No Fatigue,0.18,Not Yawning
2024-12-11 22:56:48,0.21,0.26,88.26,33.33,1,No Fatigue,0.2,Not Yawning
2024-12-11 22:56:49,0.24,0.34,84.88,43.33,2,No Fatigue,0.16,Not Yawning
2024-12-11 22:56:50,0.23,0.28,90.0,43.33,2,No Fatigue,0.16,Not Yawning
2024-12-11 22:56:52,0.22,0.26,89.12,46.67,2,No Fatigue,0.15,Not Yawning
2024-12-11 22:56:53,0.22,0.25,90.0,46.67,2,No Fatigue,0.18,Not Yawning
2024-12-11 22:56:54,0.22,0.25,89.1,53.33,2,No Fatigue,0.18,Not Yawning
2024-12-11 22:56:55,0.22,0.26,90.0,56.67,2,No Fatigue,0.18,Not Yawning
2024-12-11 22:56:56,0.23,0.26,90.0,60.0,2,No Fatigue,0.17,Not Yawning
2024-12-11 22:56:57,0.23,0.28,90.0,56.67,2,No Fatigue,0.18,Not Yawning
2024-12-11 22:56:58,0.25,0.33,89.13,56.67,2,No Fatigue,0.18,Not Yawning
2024-12-11 22:56:59,0.1,0.27,90.0,60.0,2,No Fatigue,0.18,Not Yawning
2024-12-11 22:57:01,0.29,0.26,90.0,56.67,2,No Fatigue,0.16,Not Yawning
2024-12-11 22:57:02,0.11,0.26,89.09,63.33,2,No Fatigue,0.19,Not Yawning
2024-12-11 22:57:03,0.21,0.26,90.0,63.33,2,No Fatigue,0.17,Not Yawning
2024-12-11 22:59:36,0.31,0.34,92.94,63.33,0,No Fatigue,0.19,Not Yawning
2024-12-11 22:59:38,0.28,0.25,95.53,60.0,0,No Fatigue,0.11,Not Yawning
2024-12-11 22:59:40,0.24,0.35,90.82,53.33,0,No Fatigue,0.18,Not Yawning
2024-12-11 22:59:41,0.24,0.26,91.76,46.67,0,No Fatigue,0.17,Not Yawning
2024-12-11 22:59:42,0.27,0.26,90.88,40.0,0,No Fatigue,0.19,Not Yawning
2024-12-11 22:59:43,0.24,0.27,91.71,30.0,0,No Fatigue,0.19,Not Yawning
2024-12-11 22:59:44,0.25,0.3,90.75,26.67,0,No Fatigue,0.17,Not Yawning
2024-12-11 22:59:46,0.13,0.25,88.43,23.33,0,No Fatigue,0.16,Not Yawning
2024-12-11 22:59:47,0.26,0.47,88.85,13.33,0,No Fatigue,0.2,Not Yawning
2024-12-11 22:59:48,0.22,0.25,85.73,20.0,0,No Fatigue,0.19,Not Yawning
2024-12-11 22:59:49,0.07,0.25,86.73,30.0,1,No Fatigue,0.17,Not Yawning
2024-12-11 22:59:50,0.26,0.27,88.36,26.67,1,No Fatigue,0.18,Not Yawning
2024-12-11 22:59:51,0.25,0.27,90.0,30.0,1,No Fatigue,0.18,Not Yawning
2024-12-11 22:59:52,0.2,0.25,90.84,43.33,1,No Fatigue,0.17,Not Yawning
2024-12-11 22:59:54,0.23,0.27,89.16,53.33,1,No Fatigue,0.18,Not Yawning
2024-12-11 22:59:55,0.22,0.25,90.0,53.33,1,No Fatigue,0.18,Not Yawning
2024-12-11 22:59:56,0.27,0.27,88.34,53.33,1,No Fatigue,0.18,Not Yawning
2024-12-11 22:59:57,0.25,0.25,90.0,43.33,1,No Fatigue,0.19,Not Yawning
2024-12-11 22:59:58,N/A,0.0,N/A,N/A,N/A,No Face Detected,N/A,N/A
2024-12-11 22:59:59,N/A,0.0,N/A,N/A,N/A,No Face Detected,N/A,N/A
2024-12-11 23:00:00,0.17,0.3,102.99,43.33,1,No Fatigue,0.0,Mouth Covered
2024-12-11 23:00:01,0.31,0.26,104.85,26.67,1,No Fatigue,0.0,Mouth Covered
2024-12-11 23:00:03,0.25,0.32,103.55,26.67,1,No Fatigue,0.0,Mouth Covered
2024-12-11 23:00:33,0.3,0.28,92.17,16.67,1,No Fatigue,0.18,Not Yawning
2024-12-11 23:00:35,0.25,0.26,88.47,16.67,1,No Fatigue,0.21,Not Yawning
2024-12-11 23:00:36,0.3,0.28,89.24,16.67,1,No Fatigue,0.17,Not Yawning
2024-12-11 23:00:38,0.28,0.28,89.25,10.0,1,No Fatigue,0.16,Not Yawning
2024-12-11 23:00:39,0.25,0.26,89.24,10.0,1,No Fatigue,0.19,Not Yawning
2024-12-11 23:00:40,0.28,0.26,88.45,6.67,1,No Fatigue,0.15,Not Yawning
2024-12-11 23:00:41,0.26,0.26,89.23,3.33,1,No Fatigue,0.18,Not Yawning
2024-12-11 23:00:42,0.24,0.26,91.53,3.33,1,No Fatigue,0.16,Not Yawning
2024-12-11 23:00:43,0.25,0.26,89.24,3.33,1,No Fatigue,0.16,Not Yawning
2024-12-11 23:00:45,0.26,0.27,90.0,3.33,1,No Fatigue,0.16,Not Yawning
2024-12-11 23:00:46,N/A,0.0,N/A,N/A,N/A,No Face Detected,N/A,N/A
2024-12-11 23:00:47,0.28,0.27,98.97,13.33,1,No Fatigue,0.15,Not Yawning
2024-12-11 23:01:00,0.28,0.28,92.17,16.67,0,No Fatigue,0.17,Not Yawning
2024-12-11 23:01:01,0.28,0.32,90.0,16.67,0,No Fatigue,0.14,Not Yawning
2024-12-11 23:01:03,0.29,0.3,89.13,13.33,0,No Fatigue,0.17,Not Yawning
2024-12-11 23:01:04,0.25,0.25,88.18,13.33,0,No Fatigue,0.18,Not Yawning
2024-12-11 23:01:05,0.26,0.23,85.6,13.33,0,No Fatigue,0.18,Not Yawning
2024-12-11 23:01:06,0.2,0.25,87.4,16.67,0,No Fatigue,0.18,Not Yawning
2024-12-11 23:01:07,0.25,0.27,86.48,16.67,0,No Fatigue,0.19,Not Yawning
2024-12-11 23:01:08,0.26,0.25,87.32,16.67,0,No Fatigue,0.18,Not Yawning
2024-12-11 23:01:09,0.12,0.26,83.95,20.0,0,No Fatigue,0.2,Not Yawning
2024-12-11 23:01:11,0.24,0.26,88.26,20.0,0,No Fatigue,0.18,Not Yawning
2024-12-11 23:01:12,0.24,0.27,86.48,16.67,0,No Fatigue,0.19,Not Yawning
2024-12-11 23:01:13,0.26,0.28,85.6,16.67,0,No Fatigue,0.18,Not Yawning
2024-12-11 23:01:14,0.25,0.27,85.73,20.0,0,No Fatigue,0.17,Not Yawning
2024-12-11 23:01:15,0.23,0.27,86.58,23.33,0,No Fatigue,0.17,Not Yawning
2024-12-11 23:01:17,0.23,0.29,94.03,36.67,0,No Fatigue,0.14,Not Yawning
2024-12-11 23:01:25,0.28,0.26,92.94,40.0,0,No Fatigue,0.19,Not Yawning
2024-12-11 23:01:27,0.27,0.28,90.0,36.67,0,No Fatigue,0.18,Not Yawning
2024-12-11 23:01:28,0.28,0.26,92.26,33.33,0,No Fatigue,0.17,Not Yawning
2024-12-11 23:01:29,0.31,0.26,90.0,26.67,0,No Fatigue,0.21,Not Yawning
2024-12-11 23:01:30,0.29,0.27,90.75,26.67,0,No Fatigue,0.19,Not Yawning
2024-12-11 23:01:31,0.28,0.27,91.55,26.67,0,No Fatigue,0.19,Not Yawning
2024-12-11 23:01:33,0.18,0.26,91.55,26.67,0,No Fatigue,0.17,Not Yawning
2024-12-11 23:01:36,0.19,0.33,91.61,33.33,0,No Fatigue,0.17,Not Yawning
2024-12-11 23:01:37,0.22,0.37,94.14,36.67,0,No Fatigue,0.14,Not Yawning
2024-12-11 23:01:38,0.24,0.39,90.0,30.0,0,No Fatigue,0.13,Not Yawning
2024-12-11 23:01:39,0.26,0.32,90.0,23.33,0,No Fatigue,0.14,Not Yawning
2024-12-11 23:01:40,0.27,0.31,92.6,26.67,0,No Fatigue,0.13,Not Yawning
2024-12-11 23:01:42,0.22,0.31,93.75,40.0,0,No Fatigue,0.14,Not Yawning
2024-12-11 23:01:43,0.3,0.29,90.9,40.0,0,No Fatigue,0.14,Not Yawning
2024-12-11 23:01:44,0.27,0.31,93.58,40.0,0,No Fatigue,0.14,Not Yawning
2024-12-11 23:01:45,0.28,0.31,90.0,40.0,0,No Fatigue,0.15,Not Yawning
2024-12-11 23:01:46,0.28,0.31,91.82,36.67,0,No Fatigue,0.15,Not Yawning
2024-12-11 23:01:48,0.24,0.31,91.85,33.33,0,No Fatigue,0.17,Not Yawning
2024-12-11 23:01:49,0.26,0.31,92.82,26.67,0,No Fatigue,0.16,Not Yawning
2024-12-11 23:01:50,0.31,0.32,90.92,30.0,0,No Fatigue,0.16,Not Yawning
2024-12-11 23:01:52,0.19,0.33,91.82,26.67,0,No Fatigue,0.14,Not Yawning
2024-12-11 23:01:53,0.23,0.33,92.77,16.67,0,No Fatigue,0.16,Not Yawning
2024-12-11 23:01:54,0.15,0.33,91.85,20.0,0,No Fatigue,0.15,Not Yawning
2024-12-11 23:01:55,0.27,0.34,91.85,20.0,0,No Fatigue,0.15,Not Yawning
2024-12-11 23:01:56,0.24,0.32,91.85,16.67,0,No Fatigue,0.16,Not Yawning
2024-12-11 23:01:57,0.2,0.37,91.51,23.33,0,No Fatigue,0.12,Not Yawning
2024-12-11 23:02:16,0.26,0.29,89.1,23.33,0,No Fatigue,0.18,Not Yawning
2024-12-11 23:02:17,0.26,0.3,90.0,23.33,0,No Fatigue,0.18,Not Yawning
2024-12-11 23:02:19,0.26,0.29,90.0,23.33,0,No Fatigue,0.19,Not Yawning
2024-12-11 23:02:51,0.23,0.3,95.97,26.67,0,No Fatigue,0.16,Not Yawning
2024-12-11 23:02:52,0.24,0.29,78.41,30.0,0,No Fatigue,0.14,Not Yawning
2024-12-11 23:02:53,0.13,0.46,85.53,36.67,0,No Fatigue,0.15,Not Yawning
2024-12-11 23:02:54,N/A,0.0,N/A,N/A,N/A,No Face Detected,N/A,N/A
2024-12-11 23:02:55,N/A,0.0,N/A,N/A,N/A,No Face Detected,N/A,N/A
2024-12-11 23:02:56,0.13,0.37,94.24,43.33,0,No Fatigue,0.26,Not Yawning
2024-12-11 23:02:57,0.2,0.33,102.24,56.67,0,No Fatigue,0.19,Not Yawning
2024-12-11 23:02:59,0.21,0.29,93.25,63.33,0,No Fatigue,0.15,Not Yawning
2024-12-11 23:03:00,0.26,0.3,76.17,63.33,0,No Fatigue,0.16,Not Yawning
2024-12-11 23:03:01,0.28,0.31,88.24,63.33,0,No Fatigue,0.17,Not Yawning
2024-12-11 23:03:02,0.26,0.29,89.12,60.0,0,No Fatigue,0.17,Not Yawning
2024-12-11 23:03:03,0.26,0.33,90.86,53.33,0,No Fatigue,0.15,Not Yawning
2024-12-11 23:03:04,0.27,0.32,88.21,46.67,0,No Fatigue,0.17,Not Yawning
2024-12-11 23:03:05,0.22,0.38,89.12,53.33,0,No Fatigue,0.18,Not Yawning
2024-12-11 23:03:07,0.22,0.41,88.24,50.0,0,No Fatigue,0.15,Not Yawning
2024-12-11 23:03:08,0.24,0.34,89.1,40.0,0,No Fatigue,0.18,Not Yawning
2024-12-11 23:03:09,0.25,0.29,89.12,30.0,0,No Fatigue,0.18,Not Yawning
2024-12-11 23:03:10,0.23,0.29,89.1,26.67,0,No Fatigue,0.16,Not Yawning
2024-12-11 23:03:11,0.24,0.36,90.0,30.0,0,No Fatigue,0.16,Not Yawning
2024-12-11 23:03:12,0.22,0.36,91.82,43.33,0,No Fatigue,0.17,Not Yawning
2024-12-11 23:03:13,0.26,0.3,89.09,50.0,0,No Fatigue,0.17,Not Yawning
2024-12-11 23:03:15,0.23,0.37,91.74,53.33,0,No Fatigue,0.16,Not Yawning
2024-12-11 23:03:16,0.28,0.38,90.0,53.33,0,No Fatigue,0.15,Not Yawning
2024-12-11 23:03:17,0.26,0.36,90.88,50.0,0,No Fatigue,0.15,Not Yawning
2024-12-11 23:03:18,0.15,0.36,90.9,50.0,0,No Fatigue,0.16,Not Yawning
2024-12-11 23:03:19,0.23,0.31,90.9,53.33,0,No Fatigue,0.16,Not Yawning
2024-12-11 23:03:20,0.23,0.36,90.88,56.67,0,No Fatigue,0.16,Not Yawning
2024-12-11 23:03:22,0.21,0.29,89.09,60.0,0,No Fatigue,0.17,Not Yawning
2024-12-11 23:03:23,0.22,0.35,90.0,56.67,0,No Fatigue,0.15,Not Yawning
2024-12-11 23:03:24,0.25,0.37,90.0,60.0,0,No Fatigue,0.17,Not Yawning
2024-12-11 23:03:25,0.23,0.31,90.92,63.33,0,No Fatigue,0.18,Not Yawning
2024-12-11 23:03:26,0.23,0.35,90.91,63.33,0,No Fatigue,0.17,Not Yawning
2024-12-11 23:03:27,0.2,0.35,91.76,70.0,0,No Fatigue,0.15,Not Yawning
2024-12-11 23:03:28,0.21,0.35,89.1,80.0,0,No Fatigue,0.16,Not Yawning
2024-12-11 23:03:30,0.2,0.39,94.09,83.33,0,No Fatigue,0.12,Not Yawning
2024-12-11 23:03:31,0.21,0.38,90.86,83.33,0,No Fatigue,0.13,Not Yawning
2024-12-11 23:03:32,0.22,0.29,85.6,80.0,0,No Fatigue,0.18,Not Yawning
2024-12-11 23:03:33,0.24,0.36,89.13,76.67,0,No Fatigue,0.17,Not Yawning
2024-12-11 23:03:34,0.24,0.29,86.31,70.0,0,No Fatigue,0.17,Not Yawning
2024-12-11 23:03:36,0.2,0.28,93.42,66.67,0,No Fatigue,0.16,Not Yawning
2024-12-11 23:03:37,0.19,0.38,90.9,66.67,0,No Fatigue,0.16,Not Yawning
2024-12-11 23:03:38,0.25,0.25,90.0,66.67,0,No Fatigue,0.17,Not Yawning
2024-12-11 23:03:39,0.28,0.26,90.9,56.67,0,No Fatigue,0.17,Not Yawning
2024-12-11 23:03:40,0.24,0.29,90.0,50.0,0,No Fatigue,0.18,Not Yawning
2024-12-11 23:03:41,0.21,0.27,90.94,50.0,0,No Fatigue,0.17,Not Yawning
2024-12-11 23:03:42,0.2,0.29,110.38,53.33,0,No Fatigue,0.0,Mouth Covered
2024-12-11 23:03:43,0.23,0.25,87.58,53.33,0,No Fatigue,0.15,Not Yawning
2024-12-11 23:03:44,N/A,0.0,N/A,N/A,N/A,No Face Detected,N/A,N/A
2024-12-11 23:03:45,N/A,0.0,N/A,N/A,N/A,No Face Detected,N/A,N/A
2024-12-11 23:03:47,0.28,0.24,86.78,56.67,0,No Fatigue,0.16,Not Yawning
2024-12-11 23:03:48,0.18,0.38,93.67,60.0,0,No Fatigue,0.15,Not Yawning
2024-12-11 23:03:49,0.22,0.27,94.97,60.0,0,No Fatigue,0.14,Not Yawning
2024-12-11 23:03:50,0.2,0.3,88.47,63.33,0,No Fatigue,0.19,Not Yawning
2024-12-11 23:03:51,0.16,0.26,96.09,73.33,0,No Fatigue,0.19,Not Yawning
2024-12-11 23:03:52,0.21,0.26,93.14,80.0,0,No Fatigue,0.18,Not Yawning
2024-12-11 23:03:54,0.23,0.26,90.76,76.67,0,No Fatigue,0.17,Not Yawning
2024-12-11 23:03:55,0.15,0.25,95.12,76.67,0,No Fatigue,0.2,Not Yawning
2024-12-11 23:03:56,0.24,0.25,92.49,83.33,0,No Fatigue,0.17,Not Yawning
2024-12-11 23:03:57,0.19,0.25,94.09,86.67,0,No Fatigue,0.17,Not Yawning
2024-12-11 23:03:59,0.26,0.25,95.88,83.33,0,No Fatigue,0.17,Not Yawning
2024-12-11 23:04:00,0.21,0.25,94.21,80.0,0,No Fatigue,0.16,Not Yawning
2024-12-11 23:04:01,0.25,0.26,90.82,73.33,0,No Fatigue,0.17,Not Yawning
2024-12-11 23:04:02,0.22,0.27,93.47,70.0,0,No Fatigue,0.19,Not Yawning
2024-12-11 23:04:03,0.2,0.24,93.22,73.33,0,No Fatigue,0.2,Not Yawning
2024-12-11 23:04:04,0.16,0.24,94.33,73.33,0,No Fatigue,0.17,Not Yawning
2024-12-11 23:04:05,0.24,0.28,95.88,66.67,0,No Fatigue,0.18,Not Yawning
2024-12-11 23:04:07,0.27,0.25,96.43,66.67,0,No Fatigue,0.17,Not Yawning
2024-12-11 23:04:08,0.31,0.28,96.71,60.0,0,No Fatigue,0.18,Not Yawning
2024-12-11 23:04:09,0.24,0.25,93.27,60.0,0,No Fatigue,0.18,Not Yawning
2024-12-11 23:04:10,0.24,0.26,93.37,53.33,0,No Fatigue,0.18,Not Yawning
2024-12-11 23:04:11,0.25,0.26,95.96,53.33,0,No Fatigue,0.18,Not Yawning
2024-12-11 23:04:12,0.23,0.26,94.97,53.33,0,No Fatigue,0.17,Not Yawning
2024-12-11 23:04:13,0.26,0.27,95.96,50.0,0,No Fatigue,0.19,Not Yawning
2024-12-11 23:04:15,0.21,0.25,95.19,50.0,0,No Fatigue,0.17,Not Yawning
2024-12-11 23:04:16,0.23,0.25,90.88,56.67,0,No Fatigue,0.19,Not Yawning
2024-12-11 23:04:17,0.22,0.25,94.27,66.67,0,No Fatigue,0.18,Not Yawning
2024-12-11 23:04:18,0.21,0.26,90.83,73.33,0,No Fatigue,0.17,Not Yawning
2024-12-11 23:04:19,0.24,0.26,79.85,70.0,0,No Fatigue,0.2,Not Yawning
2024-12-11 23:04:20,0.24,0.25,78.52,66.67,0,No Fatigue,0.21,Not Yawning
2024-12-11 23:04:21,0.29,0.27,82.87,66.67,0,No Fatigue,0.2,Not Yawning
2024-12-11 23:04:22,0.28,0.27,82.12,60.0,0,No Fatigue,0.2,Not Yawning
2024-12-11 23:04:23,0.15,0.28,84.56,56.67,0,No Fatigue,0.18,Not Yawning
2024-12-11 23:04:24,0.17,0.28,87.18,56.67,0,No Fatigue,0.2,Not Yawning
2024-12-11 23:04:30,0.21,0.27,90.92,56.67,0,No Fatigue,0.2,Not Yawning
2024-12-11 23:04:31,0.22,0.27,91.79,56.67,0,No Fatigue,0.2,Not Yawning
